strategy,ticker,entry_date,exit_date,entry_price,exit_price,pnl_pct,hold_days,exit_reason
AMZN::RSI_oversold_30,AMZN,2025-09-29,2025-10-06,222.17,220.9,-0.5716,5,time
AMZN::RSI_oversold_35,AMZN,2025-09-29,2025-10-06,222.17,220.9,-0.5716,5,time
AMZN::News_OR_RSI35,AMZN,2025-09-29,2025-10-06,222.17,220.9,-0.5716,5,time
META::BB_lower_touch,META,2025-10-06,2025-10-13,715.0768,715.1168,0.0056,5,time
AAPL::News_composite_z2.0,AAPL,2025-10-08,2025-10-15,257.5691,248.8657,-3.3791,5,time
AAPL::News_expected_z2.0,AAPL,2025-10-08,2025-10-15,257.5691,248.8657,-3.3791,5,time
AAPL::News_OR_RSI35,AAPL,2025-10-08,2025-10-15,257.5691,248.8657,-3.3791,5,time
MSFT::News_composite_z2.0,MSFT,2025-10-08,2025-10-15,522.6765,511.3038,-2.1759,5,time
MSFT::News_expected_z2.0,MSFT,2025-10-08,2025-10-15,522.6765,511.3038,-2.1759,5,time
MSFT::News_OR_RSI35,MSFT,2025-10-08,2025-10-15,522.6765,511.3038,-2.1759,5,time
NVDA::News_composite_z2.0,NVDA,2025-10-08,2025-10-15,189.0892,179.8103,-4.9072,5,time
NVDA::News_expected_z2.0,NVDA,2025-10-08,2025-10-15,189.0892,179.8103,-4.9072,5,time
NVDA::News_OR_RSI35,NVDA,2025-10-08,2025-10-15,189.0892,179.8103,-4.9072,5,time
GOOGL::News_composite_z2.0,GOOGL,2025-10-08,2025-10-15,244.2881,250.6894,2.6204,5,time
GOOGL::News_expected_z2.0,GOOGL,2025-10-08,2025-10-15,244.2881,250.6894,2.6204,5,time
GOOGL::News_OR_RSI35,GOOGL,2025-10-08,2025-10-15,244.2881,250.6894,2.6204,5,time
META::News_composite_z2.0,META,2025-10-08,2025-10-15,717.2551,716.9653,-0.0404,5,time
META::News_expected_z2.0,META,2025-10-08,2025-10-15,717.2551,716.9653,-0.0404,5,time
META::News_OR_RSI35,META,2025-10-08,2025-10-15,717.2551,716.9653,-0.0404,5,time
AMZN::News_composite_z2.0,AMZN,2025-10-08,2025-10-15,225.22,215.57,-4.2847,5,time
AMZN::News_expected_z2.0,AMZN,2025-10-08,2025-10-15,225.22,215.57,-4.2847,5,time
AMZN::News_OR_RSI35,AMZN,2025-10-08,2025-10-15,225.22,215.57,-4.2847,5,time
TSLA::News_composite_z2.0,TSLA,2025-10-08,2025-10-15,438.69,435.15,-0.8069,5,time
TSLA::News_expected_z2.0,TSLA,2025-10-08,2025-10-15,438.69,435.15,-0.8069,5,time
TSLA::News_OR_RSI35,TSLA,2025-10-08,2025-10-15,438.69,435.15,-0.8069,5,time
AMD::News_composite_z2.0,AMD,2025-10-08,2025-10-10,235.56,214.9,-8.7706,2,stop_loss
AMD::News_expected_z2.0,AMD,2025-10-08,2025-10-10,235.56,214.9,-8.7706,2,stop_loss
AMD::News_OR_RSI35,AMD,2025-10-08,2025-10-10,235.56,214.9,-8.7706,2,stop_loss
INTC::News_composite_z2.0,INTC,2025-10-08,2025-10-15,37.43,37.15,-0.7481,5,time
INTC::News_expected_z2.0,INTC,2025-10-08,2025-10-15,37.43,37.15,-0.7481,5,time
INTC::News_OR_RSI35,INTC,2025-10-08,2025-10-15,37.43,37.15,-0.7481,5,time
AVGO::News_composite_z2.0,AVGO,2025-10-08,2025-10-15,344.8402,350.659,1.6874,5,time
AVGO::News_expected_z2.0,AVGO,2025-10-08,2025-10-15,344.8402,350.659,1.6874,5,time
AVGO::News_OR_RSI35,AVGO,2025-10-08,2025-10-15,344.8402,350.659,1.6874,5,time
QCOM::News_composite_z2.0,QCOM,2025-10-08,2025-10-10,165.8523,151.8344,-8.452,2,stop_loss
QCOM::News_expected_z2.0,QCOM,2025-10-08,2025-10-10,165.8523,151.8344,-8.452,2,stop_loss
QCOM::News_OR_RSI35,QCOM,2025-10-08,2025-10-10,165.8523,151.8344,-8.452,2,stop_loss
ASML::News_composite_z2.0,ASML,2025-10-08,2025-10-15,984.7617,1006.6938,2.2271,5,time
ASML::News_expected_z2.0,ASML,2025-10-08,2025-10-15,984.7617,1006.6938,2.2271,5,time
ASML::News_OR_RSI35,ASML,2025-10-08,2025-10-15,984.7617,1006.6938,2.2271,5,time
MU::News_composite_z2.0,MU,2025-10-08,2025-10-10,196.4606,181.5267,-7.6015,2,stop_loss
MU::News_expected_z2.0,MU,2025-10-08,2025-10-10,196.4606,181.5267,-7.6015,2,stop_loss
MU::News_OR_RSI35,MU,2025-10-08,2025-10-10,196.4606,181.5267,-7.6015,2,stop_loss
NXPI::News_composite_z2.0,NXPI,2025-10-08,2025-10-10,224.6367,204.4568,-8.9833,2,stop_loss
NXPI::News_expected_z2.0,NXPI,2025-10-08,2025-10-10,224.6367,204.4568,-8.9833,2,stop_loss
NXPI::News_OR_RSI35,NXPI,2025-10-08,2025-10-10,224.6367,204.4568,-8.9833,2,stop_loss
JPM::News_composite_z2.0,JPM,2025-10-08,2025-10-15,302.6648,304.3173,0.546,5,time
JPM::News_expected_z2.0,JPM,2025-10-08,2025-10-15,302.6648,304.3173,0.546,5,time
JPM::News_OR_RSI35,JPM,2025-10-08,2025-10-15,302.6648,304.3173,0.546,5,time
BAC::News_composite_z2.0,BAC,2025-10-08,2025-10-15,49.3036,51.7174,4.8958,5,time
BAC::News_expected_z2.0,BAC,2025-10-08,2025-10-15,49.3036,51.7174,4.8958,5,time
BAC::News_OR_RSI35,BAC,2025-10-08,2025-10-15,49.3036,51.7174,4.8958,5,time
GS::News_composite_z2.0,GS,2025-10-08,2025-10-15,768.6343,760.1413,-1.1049,5,time
GS::News_expected_z2.0,GS,2025-10-08,2025-10-15,768.6343,760.1413,-1.1049,5,time
GS::News_OR_RSI35,GS,2025-10-08,2025-10-15,768.6343,760.1413,-1.1049,5,time
MS::News_composite_z2.0,MS,2025-10-08,2025-10-15,153.86,160.7795,4.4973,5,time
MS::News_expected_z2.0,MS,2025-10-08,2025-10-15,153.86,160.7795,4.4973,5,time
MS::News_OR_RSI35,MS,2025-10-08,2025-10-15,153.86,160.7795,4.4973,5,time
BLK::News_composite_z2.0,BLK,2025-10-08,2025-10-15,1152.9384,1190.1392,3.2266,5,time
BLK::News_expected_z2.0,BLK,2025-10-08,2025-10-15,1152.9384,1190.1392,3.2266,5,time
BLK::News_OR_RSI35,BLK,2025-10-08,2025-10-15,1152.9384,1190.1392,3.2266,5,time
XOM::News_composite_z2.0,XOM,2025-10-08,2025-10-15,112.283,109.9097,-2.1137,5,time
XOM::News_expected_z2.0,XOM,2025-10-08,2025-10-15,112.283,109.9097,-2.1137,5,time
XOM::News_OR_RSI35,XOM,2025-10-08,2025-10-15,112.283,109.9097,-2.1137,5,time
CVX::News_composite_z2.0,CVX,2025-10-08,2025-10-15,150.569,148.9726,-1.0602,5,time
CVX::News_expected_z2.0,CVX,2025-10-08,2025-10-15,150.569,148.9726,-1.0602,5,time
CVX::News_OR_RSI35,CVX,2025-10-08,2025-10-15,150.569,148.9726,-1.0602,5,time
SPY::News_composite_z2.0,SPY,2025-10-08,2025-10-15,671.1269,663.2103,-1.1796,5,time
SPY::News_expected_z2.0,SPY,2025-10-08,2025-10-15,671.1269,663.2103,-1.1796,5,time
SPY::News_OR_RSI35,SPY,2025-10-08,2025-10-15,671.1269,663.2103,-1.1796,5,time
QQQ::News_composite_z2.0,QQQ,2025-10-08,2025-10-15,610.6533,601.4451,-1.5079,5,time
QQQ::News_expected_z2.0,QQQ,2025-10-08,2025-10-15,610.6533,601.4451,-1.5079,5,time
QQQ::News_OR_RSI35,QQQ,2025-10-08,2025-10-15,610.6533,601.4451,-1.5079,5,time
IWM::News_composite_z2.0,IWM,2025-10-08,2025-10-15,245.8954,249.4933,1.4632,5,time
IWM::News_expected_z2.0,IWM,2025-10-08,2025-10-15,245.8954,249.4933,1.4632,5,time
IWM::News_OR_RSI35,IWM,2025-10-08,2025-10-15,245.8954,249.4933,1.4632,5,time
DIA::News_composite_z2.0,DIA,2025-10-08,2025-10-15,463.5724,460.2303,-0.7209,5,time
DIA::News_expected_z2.0,DIA,2025-10-08,2025-10-15,463.5724,460.2303,-0.7209,5,time
DIA::News_OR_RSI35,DIA,2025-10-08,2025-10-15,463.5724,460.2303,-0.7209,5,time
TLT::News_composite_z2.0,TLT,2025-10-08,2025-10-15,87.641,89.0256,1.5799,5,time
TLT::News_expected_z2.0,TLT,2025-10-08,2025-10-15,87.641,89.0256,1.5799,5,time
TLT::News_OR_RSI35,TLT,2025-10-08,2025-10-15,87.641,89.0256,1.5799,5,time
HYG::News_composite_z2.0,HYG,2025-10-08,2025-10-15,78.7154,78.8618,0.186,5,time
HYG::News_expected_z2.0,HYG,2025-10-08,2025-10-15,78.7154,78.8618,0.186,5,time
HYG::News_OR_RSI35,HYG,2025-10-08,2025-10-15,78.7154,78.8618,0.186,5,time
GLD::News_composite_z2.0,GLD,2025-10-08,2025-10-15,372.3,387.39,4.0532,5,time
GLD::News_expected_z2.0,GLD,2025-10-08,2025-10-15,372.3,387.39,4.0532,5,time
GLD::News_OR_RSI35,GLD,2025-10-08,2025-10-15,372.3,387.39,4.0532,5,time
USO::News_composite_z2.0,USO,2025-10-08,2025-10-15,73.53,68.99,-6.1744,5,time
USO::News_expected_z2.0,USO,2025-10-08,2025-10-15,73.53,68.99,-6.1744,5,time
USO::News_OR_RSI35,USO,2025-10-08,2025-10-15,73.53,68.99,-6.1744,5,time
AAPL::News_jobs_z2.0,AAPL,2025-10-10,2025-10-17,244.8034,251.81,2.8621,5,time
MSFT::News_jobs_z2.0,MSFT,2025-10-10,2025-10-17,508.8441,511.4532,0.5128,5,time
NVDA::News_jobs_z2.0,NVDA,2025-10-10,2025-10-17,183.1399,183.1999,0.0328,5,time
GOOGL::News_jobs_z2.0,GOOGL,2025-10-10,2025-10-17,236.2491,252.9564,7.0719,5,time
META::News_jobs_z2.0,META,2025-10-10,2025-10-17,704.7252,716.3358,1.6475,5,time
AMZN::News_jobs_z2.0,AMZN,2025-10-10,2025-10-17,216.37,213.04,-1.539,5,time
TSLA::News_jobs_z2.0,TSLA,2025-10-10,2025-10-17,413.49,439.31,6.2444,5,time
AMD::News_jobs_z2.0,AMD,2025-10-10,2025-10-17,214.9,233.08,8.4597,5,time
INTC::News_jobs_z2.0,INTC,2025-10-10,2025-10-17,36.37,37.01,1.7597,5,time
AVGO::News_jobs_z2.0,AVGO,2025-10-10,2025-10-17,324.01,348.6629,7.6087,5,time
QCOM::News_jobs_z2.0,QCOM,2025-10-10,2025-10-17,151.8344,161.5816,6.4196,5,time
ASML::News_jobs_z2.0,ASML,2025-10-10,2025-10-17,933.301,1026.0938,9.9424,5,time
MU::News_jobs_z2.0,MU,2025-10-10,2025-10-17,181.5267,202.2983,11.4427,5,time
NXPI::News_jobs_z2.0,NXPI,2025-10-10,2025-10-17,204.4568,213.3969,4.3726,5,time
JPM::News_jobs_z2.0,JPM,2025-10-10,2025-10-17,299.5389,296.2238,-1.1067,5,time
BAC::News_jobs_z2.0,BAC,2025-10-10,2025-10-17,48.1264,50.7281,5.406,5,time
GS::News_jobs_z2.0,GS,2025-10-10,2025-10-17,756.6075,743.1554,-1.7779,5,time
MS::News_jobs_z2.0,MS,2025-10-10,2025-10-17,150.1136,156.8452,4.4843,5,time
BLK::News_jobs_z2.0,BLK,2025-10-10,2025-10-17,1120.6364,1149.1382,2.5434,5,time
XOM::News_jobs_z2.0,XOM,2025-10-10,2025-10-17,109.0431,110.5301,1.3637,5,time
CVX::News_jobs_z2.0,CVX,2025-10-10,2025-10-17,145.8288,149.9226,2.8073,5,time
SPY::News_jobs_z2.0,SPY,2025-10-10,2025-10-17,651.0961,662.4326,1.7411,5,time
QQQ::News_jobs_z2.0,QQQ,2025-10-10,2025-10-17,588.7415,603.1529,2.4478,5,time
IWM::News_jobs_z2.0,IWM,2025-10-10,2025-10-17,236.9953,242.5965,2.3634,5,time
DIA::News_jobs_z2.0,DIA,2025-10-10,2025-10-17,452.4323,459.4603,1.5534,5,time
TLT::News_jobs_z2.0,TLT,2025-10-10,2025-10-17,88.9863,89.5559,0.6401,5,time
HYG::BB_lower_touch,HYG,2025-10-10,2025-10-17,78.0322,78.7838,0.9632,5,time
HYG::News_jobs_z2.0,HYG,2025-10-10,2025-10-17,78.0322,78.7838,0.9632,5,time
GLD::News_jobs_z2.0,GLD,2025-10-10,2025-10-17,369.12,388.99,5.3831,5,time
USO::News_jobs_z2.0,USO,2025-10-10,2025-10-17,69.39,67.98,-2.032,5,time
GOOGL::BB_lower_touch,GOOGL,2025-10-13,2025-10-20,243.8188,256.2019,5.0788,5,time
QCOM::BB_lower_touch,QCOM,2025-10-13,2025-10-20,159.9307,165.1306,3.2513,5,time
NXPI::RSI_oversold_35,NXPI,2025-10-13,2025-10-20,215.7365,218.8426,1.4398,5,time
NXPI::BB_lower_touch,NXPI,2025-10-13,2025-10-20,215.7365,218.8426,1.4398,5,time
NXPI::News_lead3d_BB,NXPI,2025-10-13,2025-10-20,215.7365,218.8426,1.4398,5,time
JPM::BB_lower_touch,JPM,2025-10-13,2025-10-20,306.5871,301.0022,-1.8216,5,time
BAC::BB_lower_touch,BAC,2025-10-13,2025-10-20,48.3342,51.4799,6.5082,5,time
GS::BB_lower_touch,GS,2025-10-13,2025-10-20,778.8002,755.5781,-2.9818,5,time
MS::BB_lower_touch,MS,2025-10-13,2025-10-20,153.346,160.1073,4.4092,5,time
CVX::BB_lower_touch,CVX,2025-10-13,2025-10-20,148.8061,151.2937,1.6717,5,time
SPY::BB_lower_touch,SPY,2025-10-13,2025-10-20,661.0865,669.3222,1.2458,5,time
DIA::BB_lower_touch,DIA,2025-10-13,2025-10-20,458.2112,464.674,1.4104,5,time
USO::BB_lower_touch,USO,2025-10-13,2025-10-20,70.28,67.83,-3.4861,5,time
AMD::News_composite_z2.0,AMD,2025-10-14,2025-10-21,218.09,238.03,9.143,5,time
AMD::News_OR_RSI35,AMD,2025-10-14,2025-10-21,218.09,238.03,9.143,5,time
QCOM::News_composite_z2.0,QCOM,2025-10-14,2025-10-21,159.8912,166.9002,4.3836,5,time
QCOM::News_OR_RSI35,QCOM,2025-10-14,2025-10-21,159.8912,166.9002,4.3836,5,time
MU::News_composite_z2.0,MU,2025-10-14,2025-10-21,186.9845,202.2083,8.1417,5,time
MU::News_OR_RSI35,MU,2025-10-14,2025-10-21,186.9845,202.2083,8.1417,5,time
NXPI::News_composite_z2.0,NXPI,2025-10-14,2025-10-21,215.1491,221.3514,2.8828,5,time
NXPI::News_OR_RSI35,NXPI,2025-10-14,2025-10-21,215.1491,221.3514,2.8828,5,time
AAPL::News_composite_z2.0,AAPL,2025-10-17,2025-10-24,251.81,262.32,4.1738,5,time
AAPL::News_OR_RSI35,AAPL,2025-10-17,2025-10-24,251.81,262.32,4.1738,5,time
MSFT::News_composite_z2.0,MSFT,2025-10-17,2025-10-24,511.4532,521.4417,1.953,5,time
MSFT::News_OR_RSI35,MSFT,2025-10-17,2025-10-24,511.4532,521.4417,1.953,5,time
NVDA::News_composite_z2.0,NVDA,2025-10-17,2025-10-24,183.1999,186.2395,1.6592,5,time
NVDA::News_OR_RSI35,NVDA,2025-10-17,2025-10-24,183.1999,186.2395,1.6592,5,time
GOOGL::News_composite_z2.0,GOOGL,2025-10-17,2025-10-24,252.9564,259.5674,2.6135,5,time
GOOGL::News_OR_RSI35,GOOGL,2025-10-17,2025-10-24,252.9564,259.5674,2.6135,5,time
META::News_composite_z2.0,META,2025-10-17,2025-10-24,716.3358,737.7583,2.9906,5,time
META::News_OR_RSI35,META,2025-10-17,2025-10-24,716.3358,737.7583,2.9906,5,time
AMZN::News_composite_z2.0,AMZN,2025-10-17,2025-10-24,213.04,224.21,5.2431,5,time
AMZN::News_OR_RSI35,AMZN,2025-10-17,2025-10-24,213.04,224.21,5.2431,5,time
TSLA::News_composite_z2.0,TSLA,2025-10-17,2025-10-24,439.31,433.72,-1.2724,5,time
TSLA::News_OR_RSI35,TSLA,2025-10-17,2025-10-24,439.31,433.72,-1.2724,5,time
INTC::News_composite_z2.0,INTC,2025-10-17,2025-10-24,37.01,38.28,3.4315,5,time
INTC::News_OR_RSI35,INTC,2025-10-17,2025-10-24,37.01,38.28,3.4315,5,time
AVGO::News_composite_z2.0,AVGO,2025-10-17,2025-10-24,348.6629,353.4537,1.374,5,time
AVGO::News_OR_RSI35,AVGO,2025-10-17,2025-10-24,348.6629,353.4537,1.374,5,time
ASML::News_composite_z2.0,ASML,2025-10-17,2025-10-24,1026.0938,1029.9119,0.3721,5,time
ASML::News_OR_RSI35,ASML,2025-10-17,2025-10-24,1026.0938,1029.9119,0.3721,5,time
JPM::News_composite_z2.0,JPM,2025-10-17,2025-10-24,296.2238,299.0909,0.9679,5,time
JPM::News_OR_RSI35,JPM,2025-10-17,2025-10-24,296.2238,299.0909,0.9679,5,time
BAC::News_composite_z2.0,BAC,2025-10-17,2025-10-24,50.7281,52.0042,2.5156,5,time
BAC::News_OR_RSI35,BAC,2025-10-17,2025-10-24,50.7281,52.0042,2.5156,5,time
GS::News_composite_z2.0,GS,2025-10-17,2025-10-24,743.1554,775.9296,4.4101,5,time
GS::News_OR_RSI35,GS,2025-10-17,2025-10-24,743.1554,775.9296,4.4101,5,time
MS::News_composite_z2.0,MS,2025-10-17,2025-10-24,156.8452,161.9756,3.271,5,time
MS::News_OR_RSI35,MS,2025-10-17,2025-10-24,156.8452,161.9756,3.271,5,time
BLK::News_composite_z2.0,BLK,2025-10-17,2025-10-24,1149.1382,1124.8621,-2.1125,5,time
BLK::News_OR_RSI35,BLK,2025-10-17,2025-10-24,1149.1382,1124.8621,-2.1125,5,time
XOM::News_composite_z2.0,XOM,2025-10-17,2025-10-24,110.5301,113.6321,2.8065,5,time
XOM::News_OR_RSI35,XOM,2025-10-17,2025-10-24,110.5301,113.6321,2.8065,5,time
CVX::News_composite_z2.0,CVX,2025-10-17,2025-10-24,149.9226,152.3515,1.6201,5,time
CVX::News_OR_RSI35,CVX,2025-10-17,2025-10-24,149.9226,152.3515,1.6201,5,time
SPY::News_composite_z2.0,SPY,2025-10-17,2025-10-24,662.4326,675.2547,1.9356,5,time
SPY::News_OR_RSI35,SPY,2025-10-17,2025-10-24,662.4326,675.2547,1.9356,5,time
QQQ::News_composite_z2.0,QQQ,2025-10-17,2025-10-24,603.1529,616.3059,2.1807,5,time
QQQ::News_OR_RSI35,QQQ,2025-10-17,2025-10-24,603.1529,616.3059,2.1807,5,time
IWM::News_composite_z2.0,IWM,2025-10-17,2025-10-24,242.5965,248.5963,2.4732,5,time
IWM::News_OR_RSI35,IWM,2025-10-17,2025-10-24,242.5965,248.5963,2.4732,5,time
DIA::News_composite_z2.0,DIA,2025-10-17,2025-10-24,459.4603,469.8379,2.2586,5,time
DIA::News_OR_RSI35,DIA,2025-10-17,2025-10-24,459.4603,469.8379,2.2586,5,time
TLT::News_composite_z2.0,TLT,2025-10-17,2025-10-24,89.5559,89.821,0.296,5,time
TLT::News_OR_RSI35,TLT,2025-10-17,2025-10-24,89.5559,89.821,0.296,5,time
HYG::News_composite_z2.0,HYG,2025-10-17,2025-10-24,78.7838,79.1351,0.4459,5,time
HYG::News_OR_RSI35,HYG,2025-10-17,2025-10-24,78.7838,79.1351,0.4459,5,time
GLD::News_composite_z2.0,GLD,2025-10-17,2025-10-24,388.99,377.52,-2.9487,5,time
GLD::News_OR_RSI35,GLD,2025-10-17,2025-10-24,388.99,377.52,-2.9487,5,time
USO::RSI_oversold_35,USO,2025-10-17,2025-10-24,67.98,73.18,7.6493,5,time
USO::News_composite_z2.0,USO,2025-10-17,2025-10-24,67.98,73.18,7.6493,5,time
USO::News_OR_RSI35,USO,2025-10-17,2025-10-24,67.98,73.18,7.6493,5,time
AMZN::RSI_oversold_35,AMZN,2025-10-20,2025-10-27,216.48,226.97,4.8457,5,time
AMD::News_composite_z2.0,AMD,2025-10-23,2025-10-30,234.99,254.84,8.4472,5,time
AMD::News_OR_RSI35,AMD,2025-10-23,2025-10-30,234.99,254.84,8.4472,5,time
QCOM::News_composite_z2.0,QCOM,2025-10-23,2025-10-30,168.0864,175.2338,4.2522,5,time
QCOM::News_OR_RSI35,QCOM,2025-10-23,2025-10-30,168.0864,175.2338,4.2522,5,time
MU::News_composite_z2.0,MU,2025-10-23,2025-10-30,206.6265,223.9195,8.3692,5,time
MU::News_OR_RSI35,MU,2025-10-23,2025-10-30,206.6265,223.9195,8.3692,5,time
NXPI::News_composite_z2.0,NXPI,2025-10-23,2025-10-29,219.7486,203.7998,-7.2577,4,stop_loss
NXPI::News_OR_RSI35,NXPI,2025-10-23,2025-10-29,219.7486,203.7998,-7.2577,4,stop_loss
MSFT::MACD_bullish_cross,MSFT,2025-10-27,2025-11-03,529.319,514.8889,-2.7262,5,time
MU::MACD_bullish_cross,MU,2025-10-27,2025-11-03,220.0111,234.6052,6.6333,5,time
AAPL::News_composite_z2.0,AAPL,2025-10-28,2025-11-04,268.4883,269.5263,0.3866,5,time
AAPL::News_expected_z2.0,AAPL,2025-10-28,2025-11-04,268.4883,269.5263,0.3866,5,time
AAPL::News_jobs_z2.0,AAPL,2025-10-28,2025-11-04,268.4883,269.5263,0.3866,5,time
AAPL::News_OR_RSI35,AAPL,2025-10-28,2025-11-04,268.4883,269.5263,0.3866,5,time
MSFT::News_composite_z2.0,MSFT,2025-10-28,2025-11-04,539.8252,512.2001,-5.1174,5,time
MSFT::News_expected_z2.0,MSFT,2025-10-28,2025-11-04,539.8252,512.2001,-5.1174,5,time
MSFT::News_jobs_z2.0,MSFT,2025-10-28,2025-11-04,539.8252,512.2001,-5.1174,5,time
MSFT::News_OR_RSI35,MSFT,2025-10-28,2025-11-04,539.8252,512.2001,-5.1174,5,time
NVDA::News_composite_z2.0,NVDA,2025-10-28,2025-11-04,201.0079,198.6682,-1.164,5,time
NVDA::News_expected_z2.0,NVDA,2025-10-28,2025-11-04,201.0079,198.6682,-1.164,5,time
NVDA::News_jobs_z2.0,NVDA,2025-10-28,2025-11-04,201.0079,198.6682,-1.164,5,time
NVDA::News_OR_RSI35,NVDA,2025-10-28,2025-11-04,201.0079,198.6682,-1.164,5,time
GOOGL::News_composite_z2.0,GOOGL,2025-10-28,2025-11-04,267.1071,277.1635,3.7649,5,time
GOOGL::News_expected_z2.0,GOOGL,2025-10-28,2025-11-04,267.1071,277.1635,3.7649,5,time
GOOGL::News_jobs_z2.0,GOOGL,2025-10-28,2025-11-04,267.1071,277.1635,3.7649,5,time
GOOGL::News_OR_RSI35,GOOGL,2025-10-28,2025-11-04,267.1071,277.1635,3.7649,5,time
META::News_composite_z2.0,META,2025-10-28,2025-10-30,750.8276,665.9269,-11.3076,2,stop_loss
META::News_expected_z2.0,META,2025-10-28,2025-10-30,750.8276,665.9269,-11.3076,2,stop_loss
META::News_jobs_z2.0,META,2025-10-28,2025-10-30,750.8276,665.9269,-11.3076,2,stop_loss
META::News_OR_RSI35,META,2025-10-28,2025-10-30,750.8276,665.9269,-11.3076,2,stop_loss
AMZN::News_composite_z2.0,AMZN,2025-10-28,2025-11-04,229.25,249.32,8.7546,5,time
AMZN::News_expected_z2.0,AMZN,2025-10-28,2025-11-04,229.25,249.32,8.7546,5,time
AMZN::News_jobs_z2.0,AMZN,2025-10-28,2025-11-04,229.25,249.32,8.7546,5,time
AMZN::News_OR_RSI35,AMZN,2025-10-28,2025-11-04,229.25,249.32,8.7546,5,time
TSLA::News_composite_z2.0,TSLA,2025-10-28,2025-11-04,460.55,444.26,-3.5371,5,time
TSLA::News_expected_z2.0,TSLA,2025-10-28,2025-11-04,460.55,444.26,-3.5371,5,time
TSLA::News_jobs_z2.0,TSLA,2025-10-28,2025-11-04,460.55,444.26,-3.5371,5,time
TSLA::News_OR_RSI35,TSLA,2025-10-28,2025-11-04,460.55,444.26,-3.5371,5,time
AMD::News_expected_z2.0,AMD,2025-10-28,2025-11-04,258.01,250.05,-3.0852,5,time
AMD::News_jobs_z2.0,AMD,2025-10-28,2025-11-04,258.01,250.05,-3.0852,5,time
INTC::News_composite_z2.0,INTC,2025-10-28,2025-11-04,41.53,37.03,-10.8355,5,stop_loss
INTC::News_expected_z2.0,INTC,2025-10-28,2025-11-04,41.53,37.03,-10.8355,5,stop_loss
INTC::News_jobs_z2.0,INTC,2025-10-28,2025-11-04,41.53,37.03,-10.8355,5,stop_loss
INTC::News_OR_RSI35,INTC,2025-10-28,2025-11-04,41.53,37.03,-10.8355,5,stop_loss
AVGO::News_composite_z2.0,AVGO,2025-10-28,2025-11-04,372.2577,351.2679,-5.6385,5,time
AVGO::News_expected_z2.0,AVGO,2025-10-28,2025-11-04,372.2577,351.2679,-5.6385,5,time
AVGO::News_jobs_z2.0,AVGO,2025-10-28,2025-11-04,372.2577,351.2679,-5.6385,5,time
AVGO::News_OR_RSI35,AVGO,2025-10-28,2025-11-04,372.2577,351.2679,-5.6385,5,time
QCOM::News_expected_z2.0,QCOM,2025-10-28,2025-11-04,178.9607,170.8643,-4.5241,5,time
QCOM::News_jobs_z2.0,QCOM,2025-10-28,2025-11-04,178.9607,170.8643,-4.5241,5,time
ASML::News_composite_z2.0,ASML,2025-10-28,2025-11-04,1049.2321,1028.7831,-1.9489,5,time
ASML::News_expected_z2.0,ASML,2025-10-28,2025-11-04,1049.2321,1028.7831,-1.9489,5,time
ASML::News_jobs_z2.0,ASML,2025-10-28,2025-11-04,1049.2321,1028.7831,-1.9489,5,time
ASML::News_OR_RSI35,ASML,2025-10-28,2025-11-04,1049.2321,1028.7831,-1.9489,5,time
MU::News_expected_z2.0,MU,2025-10-28,2025-11-04,221.8204,217.942,-1.7484,5,time
MU::News_jobs_z2.0,MU,2025-10-28,2025-11-04,221.8204,217.942,-1.7484,5,time
NXPI::News_expected_z2.0,NXPI,2025-10-28,2025-11-04,212.0131,203.5111,-4.0101,5,time
NXPI::News_jobs_z2.0,NXPI,2025-10-28,2025-11-04,212.0131,203.5111,-4.0101,5,time
JPM::News_composite_z2.0,JPM,2025-10-28,2025-11-04,303.9888,307.8613,1.2739,5,time
JPM::News_expected_z2.0,JPM,2025-10-28,2025-11-04,303.9888,307.8613,1.2739,5,time
JPM::News_jobs_z2.0,JPM,2025-10-28,2025-11-04,303.9888,307.8613,1.2739,5,time
JPM::News_OR_RSI35,JPM,2025-10-28,2025-11-04,303.9888,307.8613,1.2739,5,time
BAC::News_composite_z2.0,BAC,2025-10-28,2025-11-04,52.301,52.9638,1.2673,5,time
BAC::News_expected_z2.0,BAC,2025-10-28,2025-11-04,52.301,52.9638,1.2673,5,time
BAC::News_jobs_z2.0,BAC,2025-10-28,2025-11-04,52.301,52.9638,1.2673,5,time
BAC::News_OR_RSI35,BAC,2025-10-28,2025-11-04,52.301,52.9638,1.2673,5,time
GS::MACD_bullish_cross,GS,2025-10-28,2025-11-04,784.0563,782.8091,-0.1591,5,time
GS::News_composite_z2.0,GS,2025-10-28,2025-11-04,784.0563,782.8091,-0.1591,5,time
GS::News_expected_z2.0,GS,2025-10-28,2025-11-04,784.0563,782.8091,-0.1591,5,time
GS::News_jobs_z2.0,GS,2025-10-28,2025-11-04,784.0563,782.8091,-0.1591,5,time
GS::News_OR_RSI35,GS,2025-10-28,2025-11-04,784.0563,782.8091,-0.1591,5,time
MS::News_composite_z2.0,MS,2025-10-28,2025-11-04,163.31,163.1108,-0.122,5,time
MS::News_expected_z2.0,MS,2025-10-28,2025-11-04,163.31,163.1108,-0.122,5,time
MS::News_jobs_z2.0,MS,2025-10-28,2025-11-04,163.31,163.1108,-0.122,5,time
MS::News_OR_RSI35,MS,2025-10-28,2025-11-04,163.31,163.1108,-0.122,5,time
BLK::News_composite_z2.0,BLK,2025-10-28,2025-11-04,1113.303,1048.9365,-5.7816,5,time
BLK::News_expected_z2.0,BLK,2025-10-28,2025-11-04,1113.303,1048.9365,-5.7816,5,time
BLK::News_jobs_z2.0,BLK,2025-10-28,2025-11-04,1113.303,1048.9365,-5.7816,5,time
BLK::News_OR_RSI35,BLK,2025-10-28,2025-11-04,1113.303,1048.9365,-5.7816,5,time
XOM::News_composite_z2.0,XOM,2025-10-28,2025-11-04,113.2776,112.4011,-0.7738,5,time
XOM::News_expected_z2.0,XOM,2025-10-28,2025-11-04,113.2776,112.4011,-0.7738,5,time
XOM::News_jobs_z2.0,XOM,2025-10-28,2025-11-04,113.2776,112.4011,-0.7738,5,time
XOM::News_OR_RSI35,XOM,2025-10-28,2025-11-04,113.2776,112.4011,-0.7738,5,time
CVX::News_composite_z2.0,CVX,2025-10-28,2025-11-04,150.951,150.2262,-0.4802,5,time
CVX::News_expected_z2.0,CVX,2025-10-28,2025-11-04,150.951,150.2262,-0.4802,5,time
CVX::News_jobs_z2.0,CVX,2025-10-28,2025-11-04,150.951,150.2262,-0.4802,5,time
CVX::News_OR_RSI35,CVX,2025-10-28,2025-11-04,150.951,150.2262,-0.4802,5,time
SPY::News_composite_z2.0,SPY,2025-10-28,2025-11-04,685.0358,673.2506,-1.7204,5,time
SPY::News_expected_z2.0,SPY,2025-10-28,2025-11-04,685.0358,673.2506,-1.7204,5,time
SPY::News_jobs_z2.0,SPY,2025-10-28,2025-11-04,685.0358,673.2506,-1.7204,5,time
SPY::News_OR_RSI35,SPY,2025-10-28,2025-11-04,685.0358,673.2506,-1.7204,5,time
QQQ::News_composite_z2.0,QQQ,2025-10-28,2025-11-04,632.1056,618.4532,-2.1598,5,time
QQQ::News_expected_z2.0,QQQ,2025-10-28,2025-11-04,632.1056,618.4532,-2.1598,5,time
QQQ::News_jobs_z2.0,QQQ,2025-10-28,2025-11-04,632.1056,618.4532,-2.1598,5,time
QQQ::News_OR_RSI35,QQQ,2025-10-28,2025-11-04,632.1056,618.4532,-2.1598,5,time
IWM::MACD_bullish_cross,IWM,2025-10-28,2025-11-04,248.1279,240.3939,-3.1169,5,time
IWM::News_composite_z2.0,IWM,2025-10-28,2025-11-04,248.1279,240.3939,-3.1169,5,time
IWM::News_expected_z2.0,IWM,2025-10-28,2025-11-04,248.1279,240.3939,-3.1169,5,time
IWM::News_jobs_z2.0,IWM,2025-10-28,2025-11-04,248.1279,240.3939,-3.1169,5,time
IWM::News_OR_RSI35,IWM,2025-10-28,2025-11-04,248.1279,240.3939,-3.1169,5,time
DIA::News_composite_z2.0,DIA,2025-10-28,2025-11-04,474.7531,468.5345,-1.3099,5,time
DIA::News_expected_z2.0,DIA,2025-10-28,2025-11-04,474.7531,468.5345,-1.3099,5,time
DIA::News_jobs_z2.0,DIA,2025-10-28,2025-11-04,474.7531,468.5345,-1.3099,5,time
DIA::News_OR_RSI35,DIA,2025-10-28,2025-11-04,474.7531,468.5345,-1.3099,5,time
TLT::News_composite_z2.0,TLT,2025-10-28,2025-11-04,90.3611,88.6376,-1.9073,5,time
TLT::News_expected_z2.0,TLT,2025-10-28,2025-11-04,90.3611,88.6376,-1.9073,5,time
TLT::News_jobs_z2.0,TLT,2025-10-28,2025-11-04,90.3611,88.6376,-1.9073,5,time
TLT::News_OR_RSI35,TLT,2025-10-28,2025-11-04,90.3611,88.6376,-1.9073,5,time
HYG::News_composite_z2.0,HYG,2025-10-28,2025-11-04,79.2522,78.6264,-0.7896,5,time
HYG::News_expected_z2.0,HYG,2025-10-28,2025-11-04,79.2522,78.6264,-0.7896,5,time
HYG::News_jobs_z2.0,HYG,2025-10-28,2025-11-04,79.2522,78.6264,-0.7896,5,time
HYG::News_OR_RSI35,HYG,2025-10-28,2025-11-04,79.2522,78.6264,-0.7896,5,time
GLD::News_composite_z2.0,GLD,2025-10-28,2025-11-04,364.38,362.32,-0.5653,5,time
GLD::News_expected_z2.0,GLD,2025-10-28,2025-11-04,364.38,362.32,-0.5653,5,time
GLD::News_jobs_z2.0,GLD,2025-10-28,2025-11-04,364.38,362.32,-0.5653,5,time
GLD::News_OR_RSI35,GLD,2025-10-28,2025-11-04,364.38,362.32,-0.5653,5,time
USO::News_composite_z2.0,USO,2025-10-28,2025-11-04,71.39,71.93,0.7564,5,time
USO::News_expected_z2.0,USO,2025-10-28,2025-11-04,71.39,71.93,0.7564,5,time
USO::News_jobs_z2.0,USO,2025-10-28,2025-11-04,71.39,71.93,0.7564,5,time
USO::News_OR_RSI35,USO,2025-10-28,2025-11-04,71.39,71.93,0.7564,5,time
NVDA::MACD_bullish_cross,NVDA,2025-10-29,2025-11-05,207.0173,195.1886,-5.7139,5,time
TSLA::MACD_bullish_cross,TSLA,2025-10-29,2025-11-05,461.51,462.07,0.1213,5,time
JPM::MACD_bullish_cross,JPM,2025-10-29,2025-11-05,304.1381,310.2804,2.0196,5,time
AMD::MACD_bullish_cross,AMD,2025-10-30,2025-11-06,254.84,237.7,-6.7258,5,time
NXPI::BB_lower_touch,NXPI,2025-10-30,2025-11-06,205.4624,205.532,0.0339,5,time
NXPI::News_lead3d_BB,NXPI,2025-10-30,2025-11-06,205.4624,205.532,0.0339,5,time
BLK::BB_lower_touch,BLK,2025-10-30,2025-11-06,1086.6815,1058.3677,-2.6055,5,time
META::RSI_oversold_35,META,2025-10-31,2025-11-07,647.8217,621.2034,-4.1089,5,time
META::BB_lower_touch,META,2025-10-31,2025-11-07,647.8217,621.2034,-4.1089,5,time
ASML::MACD_bullish_cross,ASML,2025-10-31,2025-11-07,1057.8347,1015.6204,-3.9906,5,time
META::RSI_oversold_30,META,2025-11-03,2025-11-10,637.1904,631.2452,-0.933,5,time
META::News_OR_RSI35,META,2025-11-03,2025-11-10,637.1904,631.2452,-0.933,5,time
BLK::RSI_oversold_35,BLK,2025-11-03,2025-11-10,1057.764,1071.4211,1.2911,5,time
MU::MACD_bullish_cross,MU,2025-11-06,2025-11-13,238.2338,236.8543,-0.5791,5,time
MSFT::RSI_oversold_35,MSFT,2025-11-07,2025-11-14,494.7626,508.0673,2.6891,5,time
MSFT::BB_lower_touch,MSFT,2025-11-07,2025-11-14,494.7626,508.0673,2.6891,5,time
MSFT::News_OR_RSI35,MSFT,2025-11-07,2025-11-14,494.7626,508.0673,2.6891,5,time
BLK::News_OR_RSI35,BLK,2025-11-07,2025-11-14,1070.9956,1046.9868,-2.2417,5,time
XOM::MACD_bullish_cross,XOM,2025-11-10,2025-11-17,116.419,116.9008,0.4138,5,time
META::RSI_oversold_35,META,2025-11-11,2025-11-18,626.569,597.2029,-4.6868,5,time
HYG::MACD_bullish_cross,HYG,2025-11-11,2025-11-18,79.1561,78.5872,-0.7187,5,time
META::News_OR_RSI35,META,2025-11-12,2025-11-19,608.5137,589.8389,-3.0689,5,time
DIA::MACD_bullish_cross,DIA,2025-11-12,2025-11-19,480.335,459.4405,-4.35,5,time
META::RSI_oversold_30,META,2025-11-13,2025-11-20,609.393,588.6699,-3.4006,5,time
TSLA::BB_lower_touch,TSLA,2025-11-14,2025-11-21,404.35,391.09,-3.2793,5,time
IWM::BB_lower_touch,IWM,2025-11-14,2025-11-21,236.6863,234.8126,-0.7916,5,time
GLD::MACD_bullish_cross,GLD,2025-11-14,2025-11-21,375.96,374.27,-0.4495,5,time
NXPI::RSI_oversold_35,NXPI,2025-11-17,2025-11-24,189.6629,190.7083,0.5512,5,time
NXPI::News_OR_RSI35,NXPI,2025-11-17,2025-11-24,189.6629,190.7083,0.5512,5,time
USO::MACD_bullish_cross,USO,2025-11-17,2025-11-24,71.3,70.42,-1.2342,5,time
NXPI::BB_lower_touch,NXPI,2025-11-18,2025-11-25,187.7514,190.1707,1.2886,5,time
BLK::RSI_oversold_35,BLK,2025-11-18,2025-11-25,1008.5886,1019.1085,1.043,5,time
BLK::BB_lower_touch,BLK,2025-11-18,2025-11-25,1008.5886,1019.1085,1.043,5,time
BLK::News_OR_RSI35,BLK,2025-11-18,2025-11-25,1008.5886,1019.1085,1.043,5,time
SPY::BB_lower_touch,SPY,2025-11-19,2025-11-26,660.6778,677.6776,2.5731,5,time
QQQ::BB_lower_touch,QQQ,2025-11-19,2025-11-26,599.0981,613.4796,2.4005,5,time
DIA::BB_lower_touch,DIA,2025-11-19,2025-11-26,459.4405,472.5614,2.8558,5,time
MSFT::RSI_oversold_35,MSFT,2025-11-20,2025-11-28,477.3405,490.8896,2.8385,5,time
MSFT::News_OR_RSI35,MSFT,2025-11-20,2025-11-28,477.3405,490.8896,2.8385,5,time
META::RSI_oversold_35,META,2025-11-20,2025-11-28,588.6699,647.422,9.9805,5,time
AMD::BB_lower_touch,AMD,2025-11-20,2025-11-28,206.02,217.53,5.5868,5,time
META::News_OR_RSI35,META,2025-11-21,2025-12-01,593.7657,640.3477,7.8452,5,time
QCOM::BB_lower_touch,QCOM,2025-11-21,2025-12-01,161.4334,166.1192,2.9026,5,time
BAC::BB_lower_touch,BAC,2025-11-21,2025-12-01,51.0051,52.667,3.2583,5,time
MS::BB_lower_touch,MS,2025-11-21,2025-12-01,157.3028,167.5464,6.512,5,time
IWM::News_OR_RSI35,IWM,2025-11-21,2025-12-01,234.8126,244.7991,4.253,5,time
MSFT::RSI_oversold_30,MSFT,2025-11-24,2025-12-02,472.9206,488.8842,3.3755,5,time
GOOGL::MACD_bullish_cross,GOOGL,2025-11-24,2025-12-02,318.1478,315.3815,-0.8695,5,time
META::RSI_oversold_30,META,2025-11-24,2025-12-02,612.5504,646.5726,5.5542,5,time
USO::BB_lower_touch,USO,2025-11-24,2025-12-02,70.42,70.2,-0.3124,5,time
META::MACD_bullish_cross,META,2025-11-25,2025-12-03,635.7015,639.0787,0.5313,5,time
AVGO::MACD_bullish_cross,AVGO,2025-11-25,2025-12-03,384.2947,379.8831,-1.148,5,time
HYG::MACD_bullish_cross,HYG,2025-11-25,2025-12-03,79.3327,79.5244,0.2416,5,time
IWM::MACD_bullish_cross,IWM,2025-11-26,2025-12-04,246.4735,250.9784,1.8277,5,time
TLT::MACD_bullish_cross,TLT,2025-11-26,2025-12-04,89.3275,87.6091,-1.9237,5,time
GS::MACD_bullish_cross,GS,2025-11-28,2025-12-05,817.6619,850.0862,3.9655,5,time
MS::MACD_bullish_cross,MS,2025-11-28,2025-12-05,168.7299,175.5423,4.0375,5,time
GLD::MACD_bullish_cross,GLD,2025-11-28,2025-12-05,387.88,386.44,-0.3712,5,time
AAPL::MACD_bullish_cross,AAPL,2025-12-01,2025-12-08,282.8354,277.6302,-1.8404,5,time
TSLA::MACD_bullish_cross,TSLA,2025-12-01,2025-12-08,430.14,439.58,2.1946,5,time
INTC::MACD_bullish_cross,INTC,2025-12-01,2025-12-08,40.01,40.3,0.7248,5,time
NXPI::MACD_bullish_cross,NXPI,2025-12-01,2025-12-08,198.603,227.9917,14.7977,5,time
JPM::MACD_bullish_cross,JPM,2025-12-01,2025-12-08,307.5328,313.7946,2.0361,5,time
BAC::MACD_bullish_cross,BAC,2025-12-01,2025-12-08,52.667,53.597,1.7658,5,time
BLK::MACD_bullish_cross,BLK,2025-12-01,2025-12-08,1029.1731,1056.1404,2.6203,5,time
SPY::MACD_bullish_cross,SPY,2025-12-01,2025-12-08,678.2658,681.6159,0.4939,5,time
QQQ::MACD_bullish_cross,QQQ,2025-12-01,2025-12-08,616.3759,623.4767,1.152,5,time
DIA::MACD_bullish_cross,DIA,2025-12-01,2025-12-08,471.5352,476.347,1.0205,5,time
ASML::MACD_bullish_cross,ASML,2025-12-02,2025-12-09,1107.3195,1109.9758,0.2399,5,time
USO::MACD_bullish_cross,USO,2025-12-02,2025-12-09,70.2,69.86,-0.4843,5,time
QCOM::MACD_bullish_cross,QCOM,2025-12-04,2025-12-11,173.2377,180.1136,3.9691,5,time
CVX::MACD_bullish_cross,CVX,2025-12-05,2025-12-12,148.5469,148.537,-0.0067,5,time
MSFT::MACD_bullish_cross,MSFT,2025-12-08,2025-12-15,489.9018,473.7387,-3.2993,5,time
NVDA::MACD_bullish_cross,NVDA,2025-12-09,2025-12-16,184.96,177.7104,-3.9196,5,time
MU::MACD_bullish_cross,MU,2025-12-10,2025-12-12,263.6035,241.0426,-8.5586,2,stop_loss
XOM::MACD_bullish_cross,XOM,2025-12-11,2025-12-18,118.7485,115.7684,-2.5096,5,time
AMD::MACD_bullish_cross,AMD,2025-12-12,2025-12-19,210.78,213.43,1.2572,5,time
TLT::News_OR_RSI35,TLT,2025-12-15,2025-12-22,86.442,86.7387,0.3432,5,time
USO::BB_lower_touch,USO,2025-12-16,2025-12-23,66.17,70.3,6.2415,5,time
CVX::BB_lower_touch,CVX,2025-12-17,2025-12-24,148.0715,149.042,0.6554,5,time
USO::RSI_oversold_35,USO,2025-12-17,2025-12-24,67.98,70.2,3.2657,5,time
USO::News_OR_RSI35,USO,2025-12-17,2025-12-24,67.98,70.2,3.2657,5,time
NVDA::BB_lower_touch,NVDA,2025-12-18,2025-12-26,174.1306,190.5197,9.412,5,time
AMD::BB_lower_touch,AMD,2025-12-18,2025-12-26,201.06,214.99,6.9283,5,time
MU::MACD_bullish_cross,MU,2025-12-22,2025-12-30,276.4783,292.63,5.8419,5,time
NVDA::MACD_bullish_cross,NVDA,2025-12-23,2025-12-31,189.1998,186.4899,-1.4323,5,time
DIA::MACD_bullish_cross,DIA,2025-12-23,2025-12-31,483.4545,479.8004,-0.7558,5,time
AMZN::MACD_bullish_cross,AMZN,2025-12-24,2026-01-02,232.38,226.5,-2.5303,5,time
AMD::MACD_bullish_cross,AMD,2025-12-24,2026-01-02,215.04,223.47,3.9202,5,time
XOM::MACD_bullish_cross,XOM,2025-12-24,2026-01-02,118.4306,121.8379,2.877,5,time
CVX::MACD_bullish_cross,CVX,2025-12-24,2026-01-02,149.042,154.3897,3.588,5,time
SPY::MACD_bullish_cross,SPY,2025-12-24,2026-01-02,690.38,683.17,-1.0444,5,time
HYG::MACD_bullish_cross,HYG,2025-12-24,2026-01-02,79.8517,79.8814,0.0372,5,time
USO::MACD_bullish_cross,USO,2025-12-24,2026-01-02,70.2,68.96,-1.7664,5,time
MS::MACD_bullish_cross,MS,2025-12-26,2026-01-05,180.8729,185.5173,2.5678,5,time
QQQ::MACD_bullish_cross,QQQ,2025-12-26,2026-01-05,623.89,617.99,-0.9457,5,time
TLT::MACD_bullish_cross,TLT,2025-12-26,2026-01-05,87.116,86.838,-0.3191,5,time
NXPI::BB_lower_touch,NXPI,2026-01-02,2026-01-09,221.28,241.15,8.9796,5,time
INTC::MACD_bullish_cross,INTC,2026-01-05,2026-01-09,39.37,45.55,15.6972,4,take_profit
ASML::MACD_bullish_cross,ASML,2026-01-05,2026-01-12,1226.5721,1279.5422,4.3185,5,time
AAPL::BB_lower_touch,AAPL,2026-01-06,2026-01-13,262.1147,260.8059,-0.4993,5,time
BAC::MACD_bullish_cross,BAC,2026-01-06,2026-01-13,56.9282,54.2334,-4.7337,5,time
GS::MACD_bullish_cross,GS,2026-01-06,2026-01-13,950.4679,933.2386,-1.8127,5,time
AAPL::RSI_oversold_30,AAPL,2026-01-07,2026-01-14,260.0866,259.717,-0.1421,5,time
AAPL::RSI_oversold_35,AAPL,2026-01-07,2026-01-14,260.0866,259.717,-0.1421,5,time
AAPL::TA_confluence_2,AAPL,2026-01-07,2026-01-14,260.0866,259.717,-0.1421,5,time
AAPL::News_OR_RSI35,AAPL,2026-01-07,2026-01-14,260.0866,259.717,-0.1421,5,time
QCOM::MACD_bullish_cross,QCOM,2026-01-07,2026-01-13,179.0405,164.2355,-8.2691,4,stop_loss
NXPI::MACD_bullish_cross,NXPI,2026-01-07,2026-01-14,239.34,240.81,0.6142,5,time
SPY::MACD_bullish_cross,SPY,2026-01-07,2026-01-14,689.58,690.36,0.1131,5,time
QQQ::MACD_bullish_cross,QQQ,2026-01-07,2026-01-14,624.02,619.55,-0.7163,5,time
DIA::MACD_bullish_cross,DIA,2026-01-07,2026-01-14,489.1753,490.7927,0.3306,5,time
MSFT::MACD_bullish_cross,MSFT,2026-01-08,2026-01-15,477.0212,455.6201,-4.4864,5,time
IWM::MACD_bullish_cross,IWM,2026-01-08,2026-01-15,258.27,265.51,2.8033,5,time
GOOGL::MACD_bullish_cross,GOOGL,2026-01-09,2026-01-16,328.3389,329.7679,0.4352,5,time
GLD::MACD_bullish_cross,GLD,2026-01-12,2026-01-20,422.23,437.23,3.5526,5,time
AVGO::MACD_bullish_cross,AVGO,2026-01-13,2026-01-21,354.61,328.8,-7.2784,5,stop_loss
META::BB_lower_touch,META,2026-01-14,2026-01-22,615.52,647.63,5.2167,5,time
AMD::MACD_bullish_cross,AMD,2026-01-14,2026-01-22,223.6,253.73,13.475,5,time
QCOM::BB_lower_touch,QCOM,2026-01-14,2026-01-22,163.4903,156.7933,-4.0963,5,time
MSFT::RSI_oversold_35,MSFT,2026-01-15,2026-01-23,455.6201,464.8889,2.0343,5,time
MSFT::BB_lower_touch,MSFT,2026-01-15,2026-01-23,455.6201,464.8889,2.0343,5,time
MSFT::News_OR_RSI35,MSFT,2026-01-15,2026-01-23,455.6201,464.8889,2.0343,5,time
META::RSI_oversold_35,META,2026-01-15,2026-01-23,620.8,658.76,6.1147,5,time
META::News_OR_RSI35,META,2026-01-15,2026-01-23,620.8,658.76,6.1147,5,time
BAC::BB_lower_touch,BAC,2026-01-15,2026-01-23,52.2944,51.4293,-1.6543,5,time
AAPL::RSI_oversold_30,AAPL,2026-01-16,2026-01-26,255.2911,255.1712,-0.047,5,time
AAPL::RSI_oversold_35,AAPL,2026-01-16,2026-01-26,255.2911,255.1712,-0.047,5,time
AAPL::News_OR_RSI35,AAPL,2026-01-16,2026-01-26,255.2911,255.1712,-0.047,5,time
QCOM::RSI_oversold_35,QCOM,2026-01-16,2026-01-26,158.403,153.5342,-3.0737,5,time
QCOM::News_OR_RSI35,QCOM,2026-01-16,2026-01-26,158.403,153.5342,-3.0737,5,time
GS::MACD_bullish_cross,GS,2026-01-16,2026-01-26,956.9637,926.9815,-3.1331,5,time
BLK::MACD_bullish_cross,BLK,2026-01-16,2026-01-26,1156.7305,1115.3309,-3.579,5,time
MS::MACD_bullish_cross,MS,2026-01-20,2026-01-27,181.1017,181.6586,0.3075,5,time
AAPL::BB_lower_touch,AAPL,2026-01-21,2026-01-28,247.4185,256.2003,3.5494,5,time
AAPL::TA_confluence_2,AAPL,2026-01-21,2026-01-28,247.4185,256.2003,3.5494,5,time
NVDA::BB_lower_touch,NVDA,2026-01-21,2026-01-28,183.3101,191.5096,4.473,5,time
AVGO::BB_lower_touch,AVGO,2026-01-21,2026-01-28,328.8,333.24,1.3504,5,time
QCOM::RSI_oversold_30,QCOM,2026-01-21,2026-01-28,155.3724,151.7258,-2.347,5,time
QCOM::TA_confluence_2,QCOM,2026-01-21,2026-01-28,155.3724,151.7258,-2.347,5,time
JPM::BB_lower_touch,JPM,2026-01-21,2026-01-28,302.04,300.77,-0.4205,5,time
SPY::BB_lower_touch,SPY,2026-01-21,2026-01-28,685.4,695.42,1.4619,5,time
QQQ::BB_lower_touch,QQQ,2026-01-21,2026-01-28,616.28,633.22,2.7488,5,time
MSFT::RSI_oversold_30,MSFT,2026-01-22,2026-01-29,450.1126,432.5128,-3.9101,5,time
MSFT::TA_confluence_2,MSFT,2026-01-22,2026-01-29,450.1126,432.5128,-3.9101,5,time
TLT::MACD_bullish_cross,TLT,2026-01-23,2026-01-30,87.3046,86.5103,-0.9098,5,time
META::MACD_bullish_cross,META,2026-01-26,2026-02-02,672.36,706.41,5.0643,5,time
JPM::News_OR_RSI35,JPM,2026-01-26,2026-02-02,301.04,308.14,2.3585,5,time
MSFT::MACD_bullish_cross,MSFT,2026-01-28,2026-01-29,480.5332,432.5128,-9.9931,1,stop_loss
NVDA::MACD_bullish_cross,NVDA,2026-01-28,2026-02-04,191.5096,174.1806,-9.0486,5,stop_loss
AMZN::MACD_bullish_cross,AMZN,2026-01-28,2026-02-04,243.01,232.99,-4.1233,5,time
QCOM::RSI_oversold_35,QCOM,2026-01-28,2026-02-04,151.7258,147.9402,-2.495,5,time
QCOM::News_OR_RSI35,QCOM,2026-01-28,2026-02-04,151.7258,147.9402,-2.495,5,time
QQQ::MACD_bullish_cross,QQQ,2026-01-28,2026-02-04,633.22,605.75,-4.3381,5,time
AAPL::MACD_bullish_cross,AAPL,2026-01-29,2026-02-05,258.0385,275.6521,6.826,5,time
SPY::MACD_bullish_cross,SPY,2026-01-29,2026-02-05,694.04,677.62,-2.3659,5,time
MSFT::RSI_oversold_35,MSFT,2026-01-30,2026-02-05,429.3101,392.7735,-8.5105,4,stop_loss
MSFT::BB_lower_touch,MSFT,2026-01-30,2026-02-05,429.3101,392.7735,-8.5105,4,stop_loss
MSFT::News_OR_RSI35,MSFT,2026-01-30,2026-02-05,429.3101,392.7735,-8.5105,4,stop_loss
GOOGL::MACD_bullish_cross,GOOGL,2026-01-30,2026-02-06,337.7622,322.6329,-4.4793,5,time
TSLA::BB_lower_touch,TSLA,2026-01-30,2026-02-05,430.41,397.21,-7.7136,4,stop_loss
QCOM::RSI_oversold_30,QCOM,2026-01-30,2026-02-05,150.6229,135.4305,-10.0864,4,stop_loss
AVGO::MACD_bullish_cross,AVGO,2026-02-02,2026-02-09,331.11,343.94,3.8748,5,time
BAC::MACD_bullish_cross,BAC,2026-02-03,2026-02-10,54.1439,55.0786,1.7263,5,time
MSFT::RSI_oversold_30,MSFT,2026-02-04,2026-02-11,413.2468,403.4491,-2.3709,5,time
MSFT::TA_confluence_2,MSFT,2026-02-04,2026-02-11,413.2468,403.4491,-2.3709,5,time
NXPI::BB_lower_touch,NXPI,2026-02-04,2026-02-11,226.86,249.75,10.0899,5,time
JPM::MACD_bullish_cross,JPM,2026-02-04,2026-02-11,317.27,310.82,-2.033,5,time
NVDA::BB_lower_touch,NVDA,2026-02-05,2026-02-12,171.8707,186.9299,8.7619,5,time
AMD::News_OR_RSI35,AMD,2026-02-05,2026-02-12,192.5,205.94,6.9818,5,time
AVGO::BB_lower_touch,AVGO,2026-02-05,2026-02-12,310.51,331.17,6.6536,5,time
AVGO::News_OR_RSI35,AVGO,2026-02-05,2026-02-12,310.51,331.17,6.6536,5,time
GS::BB_lower_touch,GS,2026-02-05,2026-02-12,885.7485,899.8145,1.588,5,time
QQQ::BB_lower_touch,QQQ,2026-02-05,2026-02-12,597.03,600.64,0.6047,5,time
NVDA::News_OR_RSI35,NVDA,2026-02-06,2026-02-13,185.4,182.8001,-1.4023,5,time
TSLA::News_OR_RSI35,TSLA,2026-02-06,2026-02-13,411.11,417.44,1.5397,5,time
QCOM::RSI_oversold_35,QCOM,2026-02-06,2026-02-13,136.4638,139.8024,2.4465,5,time
QCOM::BB_lower_touch,QCOM,2026-02-06,2026-02-13,136.4638,139.8024,2.4465,5,time
QCOM::TA_confluence_2,QCOM,2026-02-06,2026-02-13,136.4638,139.8024,2.4465,5,time
QCOM::News_OR_RSI35,QCOM,2026-02-06,2026-02-13,136.4638,139.8024,2.4465,5,time
MS::BB_lower_touch,MS,2026-02-06,2026-02-13,179.96,171.15,-4.8955,5,time
SPY::BB_lower_touch,SPY,2026-02-06,2026-02-13,690.62,681.75,-1.2844,5,time
QQQ::News_OR_RSI35,QQQ,2026-02-06,2026-02-13,609.65,601.92,-1.2679,5,time
IWM::BB_lower_touch,IWM,2026-02-06,2026-02-13,265.02,262.96,-0.7773,5,time
MSFT::RSI_oversold_35,MSFT,2026-02-09,2026-02-17,412.6581,395.9562,-4.0474,5,time
MSFT::News_OR_RSI35,MSFT,2026-02-09,2026-02-17,412.6581,395.9562,-4.0474,5,time
AMZN::RSI_oversold_30,AMZN,2026-02-09,2026-02-17,208.72,201.15,-3.6269,5,time
AMZN::RSI_oversold_35,AMZN,2026-02-09,2026-02-17,208.72,201.15,-3.6269,5,time
AMZN::News_OR_RSI35,AMZN,2026-02-09,2026-02-17,208.72,201.15,-3.6269,5,time
QCOM::RSI_oversold_30,QCOM,2026-02-09,2026-02-17,138.0437,141.7201,2.6632,5,time
DIA::MACD_bullish_cross,DIA,2026-02-09,2026-02-17,500.5985,495.2352,-1.0714,5,time
TLT::MACD_bullish_cross,TLT,2026-02-09,2026-02-17,87.2299,89.5722,2.6852,5,time
NVDA::MACD_bullish_cross,NVDA,2026-02-11,2026-02-19,190.0397,187.8898,-1.1313,5,time
GOOGL::BB_lower_touch,GOOGL,2026-02-11,2026-02-19,310.7412,302.637,-2.608,5,time
TSLA::MACD_bullish_cross,TSLA,2026-02-12,2026-02-20,417.07,411.82,-1.2588,5,time
NXPI::MACD_bullish_cross,NXPI,2026-02-12,2026-02-20,242.19,232.27,-4.096,5,time
GOOGL::News_OR_RSI35,GOOGL,2026-02-13,2026-02-23,305.5049,311.2709,1.8874,5,time
QCOM::MACD_bullish_cross,QCOM,2026-02-18,2026-02-25,142.3262,144.8898,1.8012,5,time
MSFT::RSI_oversold_35,MSFT,2026-02-19,2026-02-26,398.46,401.72,0.8181,5,time
MSFT::News_OR_RSI35,MSFT,2026-02-19,2026-02-26,398.46,401.72,0.8181,5,time
AMZN::RSI_oversold_35,AMZN,2026-02-19,2026-02-26,204.86,207.92,1.4937,5,time
AMZN::News_OR_RSI35,AMZN,2026-02-19,2026-02-26,204.86,207.92,1.4937,5,time
USO::MACD_bullish_cross,USO,2026-02-20,2026-02-27,80.85,81.95,1.3605,5,time
BLK::MACD_bullish_cross,BLK,2026-02-23,2026-03-02,1065.0806,1062.3956,-0.2521,5,time
MSFT::RSI_oversold_30,MSFT,2026-02-24,2026-03-03,389.0,403.93,3.838,5,time
MS::BB_lower_touch,MS,2026-02-24,2026-03-03,168.79,165.95,-1.6826,5,time
AAPL::MACD_bullish_cross,AAPL,2026-02-25,2026-03-04,274.23,262.52,-4.2701,5,time
BAC::News_OR_RSI35,BAC,2026-02-25,2026-03-04,51.3994,50.0172,-2.6891,5,time
GLD::MACD_bullish_cross,GLD,2026-02-25,2026-03-04,473.42,471.8,-0.3422,5,time
MSFT::MACD_bullish_cross,MSFT,2026-02-26,2026-03-05,401.72,410.68,2.2304,5,time
AMZN::MACD_bullish_cross,AMZN,2026-02-26,2026-03-05,207.92,218.94,5.3001,5,time
TSLA::MACD_bullish_cross,TSLA,2026-02-26,2026-03-05,408.58,405.55,-0.7416,5,time
ASML::MACD_bullish_cross,ASML,2026-02-26,2026-03-03,1463.8,1360.9399,-7.0269,3,stop_loss
SPY::MACD_bullish_cross,SPY,2026-02-26,2026-03-05,689.3,681.31,-1.1591,5,time
QQQ::MACD_bullish_cross,QQQ,2026-02-26,2026-03-05,609.24,608.91,-0.0542,5,time
GS::BB_lower_touch,GS,2026-03-02,2026-03-09,861.7,832.03,-3.4432,5,time
TSLA::BB_lower_touch,TSLA,2026-03-04,2026-03-11,405.94,407.82,0.4631,5,time
HYG::BB_lower_touch,HYG,2026-03-04,2026-03-11,80.4,79.86,-0.6716,5,time
META::MACD_bullish_cross,META,2026-03-05,2026-03-12,660.57,638.18,-3.3895,5,time
