strategy,ticker,category,term,n_trades,hit_rate,avg_win_pct,avg_loss_pct,total_return_pct,max_drawdown,sharpe,profit_factor,calmar,best_trade_pct,worst_trade_pct,avg_hold_days
BLK::RSI_oversold_35,BLK,TA-only,,2,1.0,1.167,0,2.348,0.0,105.6034,,,1.2911,1.043,5.0
AMD::BB_lower_touch,AMD,TA-only,,2,1.0,6.2576,0,12.902,0.0,104.7198,,,6.9283,5.5868,5.0
GOOGL::News_composite_z2.0,GOOGL,News-only,,3,1.0,2.9996,0,9.267,0.0,71.8448,,,3.7649,2.6135,5.0
GOOGL::News_expected_z2.0,GOOGL,News-only,expected,2,1.0,3.1926,0,6.484,0.0,62.6254,,,3.7649,2.6204,5.0
GOOGL::News_OR_RSI35,GOOGL,Combined-OR,,4,1.0,2.7215,0,11.329,0.0,55.678,,,3.7649,1.8874,5.0
NVDA::BB_lower_touch,NVDA,TA-only,,3,1.0,7.549,0,24.321,0.0,44.6546,,,9.412,4.473,5.0
JPM::News_composite_z2.0,JPM,News-only,,3,1.0,0.9293,0,2.812,0.0,40.3619,,,1.2739,0.546,5.0
GOOGL::News_jobs_z2.0,GOOGL,News-only,jobs,2,1.0,5.4184,0,11.103,0.0,36.7834,,,7.0719,3.7649,5.0
DIA::BB_lower_touch,DIA,TA-only,,2,1.0,2.1331,0,4.306,0.0,33.1313,,,2.8558,1.4104,5.0
JPM::News_expected_z2.0,JPM,News-only,expected,2,1.0,0.91,0,1.827,0.0,28.0647,,,1.2739,0.546,5.0
USO::RSI_oversold_35,USO,TA-only,,2,1.0,5.4575,0,11.165,0.0,27.9498,,,7.6493,3.2657,5.0
QQQ::BB_lower_touch,QQQ,TA-only,,3,1.0,1.918,0,5.852,0.0,26.462,,,2.7488,0.6047,5.0
JPM::News_OR_RSI35,JPM,Combined-OR,,4,1.0,1.2866,0,5.237,0.0,26.3729,,,2.3585,0.546,5.0
CVX::BB_lower_touch,CVX,TA-only,,2,1.0,1.1635,0,2.338,0.0,25.7027,,,1.6717,0.6554,5.0
NXPI::RSI_oversold_35,NXPI,TA-only,,2,1.0,0.9955,0,1.999,0.0,25.1507,,,1.4398,0.5512,5.0
BAC::News_composite_z2.0,BAC,News-only,,3,1.0,2.8929,0,8.897,0.0,24.9118,,,4.8958,1.2673,5.0
MS::MACD_bullish_cross,MS,TA-only,,3,1.0,2.3043,0,7.037,0.0,19.4682,,,4.0375,0.3075,5.0
BAC::News_expected_z2.0,BAC,News-only,expected,2,1.0,3.0816,0,6.225,0.0,19.0659,,,4.8958,1.2673,5.0
BAC::News_jobs_z2.0,BAC,News-only,jobs,2,1.0,3.3366,0,6.742,0.0,18.0993,,,5.406,1.2673,5.0
AVGO::BB_lower_touch,AVGO,TA-only,,2,1.0,4.002,0,8.094,0.0,16.9416,,,6.6536,1.3504,5.0
MS::News_composite_z2.0,MS,News-only,,3,0.6667,3.8841,-0.122,7.784,0.0012,16.9089,63.6746,64.8667,4.4973,-0.122,5.0
MS::News_OR_RSI35,MS,Combined-OR,,3,0.6667,3.8841,-0.122,7.784,0.0012,16.9089,63.6746,64.8667,4.4973,-0.122,5.0
AAPL::News_jobs_z2.0,AAPL,News-only,jobs,2,1.0,1.6243,0,3.26,0.0,14.731,,,2.8621,0.3866,5.0
NXPI::BB_lower_touch,NXPI,TA-only,,5,1.0,4.3664,0,23.313,0.0,14.5442,,,10.0899,0.0339,5.0
INTC::MACD_bullish_cross,INTC,TA-only,,2,1.0,8.211,0,16.536,0.0,12.3118,,,15.6972,0.7248,4.5
NXPI::News_lead3d_BB,NXPI,News-lead-TA,,2,1.0,0.7369,0,1.474,0.0,11.7663,,,1.4398,0.0339,5.0
CVX::MACD_bullish_cross,CVX,TA-only,,2,0.5,3.588,-0.0067,3.581,0.0001,11.1831,535.5224,358.1,3.588,-0.0067,5.0
MS::News_expected_z2.0,MS,News-only,expected,2,0.5,4.4973,-0.122,4.37,0.0012,10.632,36.8631,36.4167,4.4973,-0.122,5.0
MS::News_jobs_z2.0,MS,News-only,jobs,2,0.5,4.4843,-0.122,4.357,0.0012,10.6304,36.7566,36.3083,4.4843,-0.122,5.0
BAC::BB_lower_touch,BAC,TA-only,,3,0.6667,4.8833,-1.6543,8.159,0.0165,10.4458,5.9037,4.9448,6.5082,-1.6543,5.0
AAPL::TA_confluence_2,AAPL,TA-only,,2,0.5,3.5494,-0.1421,3.402,0.0014,10.3608,24.9782,24.3,3.5494,-0.1421,5.0
SPY::BB_lower_touch,SPY,TA-only,,4,0.75,1.7603,-1.2844,4.016,0.0128,9.7325,4.1115,3.1375,2.5731,-1.2844,5.0
GLD::News_jobs_z2.0,GLD,News-only,jobs,2,0.5,5.3831,-0.5653,4.787,0.0057,9.0915,9.5226,8.3982,5.3831,-0.5653,5.0
GLD::News_expected_z2.0,GLD,News-only,expected,2,0.5,4.0532,-0.5653,3.465,0.0057,8.4771,7.17,6.0789,4.0532,-0.5653,5.0
AAPL::BB_lower_touch,AAPL,TA-only,,2,0.5,3.5494,-0.4993,3.032,0.005,8.4564,7.1088,6.064,3.5494,-0.4993,5.0
MU::News_jobs_z2.0,MU,News-only,jobs,2,0.5,11.4427,-1.7484,9.494,0.0175,8.2494,6.5447,5.4251,11.4427,-1.7484,5.0
CVX::News_jobs_z2.0,CVX,News-only,jobs,2,0.5,2.8073,-0.4802,2.314,0.0048,7.9457,5.8461,4.8208,2.8073,-0.4802,5.0
AMZN::News_jobs_z2.0,AMZN,News-only,jobs,2,0.5,8.7546,-1.539,7.081,0.0154,7.8685,5.6885,4.5981,8.7546,-1.539,5.0
AMZN::News_composite_z2.0,AMZN,News-only,,3,0.6667,6.9989,-4.2847,9.553,0.0428,7.6176,3.2669,2.232,8.7546,-4.2847,5.0
ASML::News_jobs_z2.0,ASML,News-only,jobs,2,0.5,9.9424,-1.9489,7.8,0.0195,7.5456,5.1015,4.0,9.9424,-1.9489,5.0
BAC::News_OR_RSI35,BAC,Combined-OR,,4,0.75,2.8929,-2.6891,5.969,0.0269,7.4962,3.2274,2.219,4.8958,-2.6891,5.0
AMD::News_OR_RSI35,AMD,Combined-OR,,4,0.75,8.1907,-8.7706,15.52,0.0877,7.3531,2.8016,1.7697,9.143,-8.7706,4.2
IWM::News_OR_RSI35,IWM,Combined-OR,,4,0.75,2.7298,-3.1169,5.016,0.0312,6.4058,2.6274,1.6077,4.253,-3.1169,5.0
NXPI::MACD_bullish_cross,NXPI,TA-only,,3,0.6667,7.706,-4.096,10.772,0.041,6.0884,3.7627,2.6273,14.7977,-4.096,5.0
AMD::MACD_bullish_cross,AMD,TA-only,,4,0.75,6.2175,-6.7258,11.375,0.0673,5.6817,2.7733,1.6902,13.475,-6.7258,5.0
GS::News_composite_z2.0,GS,News-only,,3,0.3333,4.4101,-0.632,3.092,0.011,5.6447,3.489,2.8109,4.4101,-1.1049,5.0
GS::News_OR_RSI35,GS,Combined-OR,,3,0.3333,4.4101,-0.632,3.092,0.011,5.6447,3.489,2.8109,4.4101,-1.1049,5.0
AMD::News_jobs_z2.0,AMD,News-only,jobs,2,0.5,8.4597,-3.0852,5.114,0.0309,5.2256,2.742,1.655,8.4597,-3.0852,5.0
MU::News_composite_z2.0,MU,News-only,,3,0.6667,8.2554,-7.6015,8.284,0.076,5.1491,2.1721,1.09,8.3692,-7.6015,4.0
MU::News_OR_RSI35,MU,Combined-OR,,3,0.6667,8.2554,-7.6015,8.284,0.076,5.1491,2.1721,1.09,8.3692,-7.6015,4.0
QCOM::BB_lower_touch,QCOM,TA-only,,4,0.75,2.8668,-4.0963,4.389,0.041,5.1114,2.0996,1.0705,3.2513,-4.0963,5.0
GLD::MACD_bullish_cross,GLD,TA-only,,4,0.25,3.5526,-0.3876,2.353,0.0082,4.8126,3.0549,2.8695,3.5526,-0.4495,5.0
AMD::News_composite_z2.0,AMD,News-only,,3,0.6667,8.7951,-8.7706,7.981,0.0877,4.599,2.0056,0.91,9.143,-8.7706,4.0
JPM::MACD_bullish_cross,JPM,TA-only,,3,0.6667,2.0278,-2.033,1.981,0.0203,4.5651,1.9949,0.9759,2.0361,-2.033,5.0
META::RSI_oversold_35,META,TA-only,,4,0.5,8.0476,-4.3979,6.665,0.086,3.9358,1.8299,0.775,9.9805,-4.6868,5.0
AMZN::News_expected_z2.0,AMZN,News-only,expected,2,0.5,8.7546,-4.2847,4.095,0.0428,3.8479,2.0432,0.9568,8.7546,-4.2847,5.0
USO::News_OR_RSI35,USO,Combined-OR,,4,0.75,3.8905,-6.1744,5.09,0.0617,3.7726,1.8903,0.825,7.6493,-6.1744,5.0
AMZN::News_OR_RSI35,AMZN,Combined-OR,,6,0.5,5.1638,-2.8277,6.544,0.0483,3.6361,1.8261,1.3549,8.7546,-4.2847,5.0
GOOGL::BB_lower_touch,GOOGL,TA-only,,2,0.5,5.0788,-2.608,2.338,0.0261,3.6081,1.9474,0.8958,5.0788,-2.608,5.0
MS::BB_lower_touch,MS,TA-only,,4,0.5,5.4606,-3.2891,3.985,0.065,3.2587,1.6602,0.6131,6.512,-4.8955,5.0
AVGO::News_OR_RSI35,AVGO,Combined-OR,,4,0.75,3.2383,-5.6385,3.744,0.0564,3.2007,1.723,0.6638,6.6536,-5.6385,5.0
TSLA::News_jobs_z2.0,TSLA,News-only,jobs,2,0.5,6.2444,-3.5371,2.486,0.0354,3.1068,1.7654,0.7023,6.2444,-3.5371,5.0
XOM::News_jobs_z2.0,XOM,News-only,jobs,2,0.5,1.3637,-0.7738,0.579,0.0077,3.0978,1.7623,0.7519,1.3637,-0.7738,5.0
META::MACD_bullish_cross,META,TA-only,,3,0.6667,2.7978,-3.3895,2.042,0.0339,2.7593,1.6509,0.6024,5.0643,-3.3895,5.0
USO::BB_lower_touch,USO,TA-only,,3,0.3333,6.2415,-1.8992,2.217,0.0379,2.6059,1.6431,0.585,6.2415,-3.4861,5.0
IWM::MACD_bullish_cross,IWM,TA-only,,3,0.6667,2.3155,-3.1169,1.419,0.0312,2.5241,1.4858,0.4548,2.8033,-3.1169,5.0
AMZN::RSI_oversold_35,AMZN,TA-only,,4,0.5,3.1697,-2.0993,1.966,0.0363,2.3858,1.5099,0.5416,4.8457,-3.6269,5.0
HYG::BB_lower_touch,HYG,TA-only,,2,0.5,0.9632,-0.6716,0.285,0.0067,2.0022,1.4342,0.4254,0.9632,-0.6716,5.0
QCOM::News_jobs_z2.0,QCOM,News-only,jobs,2,0.5,6.4196,-4.5241,1.605,0.0452,1.9442,1.419,0.3551,6.4196,-4.5241,5.0
MU::MACD_bullish_cross,MU,TA-only,,4,0.5,6.2376,-4.5689,2.606,0.0909,1.8799,1.3652,0.2867,6.6333,-8.5586,4.2
USO::News_composite_z2.0,USO,News-only,,3,0.6667,4.2028,-6.1744,1.767,0.0617,1.7082,1.3614,0.2864,7.6493,-6.1744,5.0
AVGO::News_jobs_z2.0,AVGO,News-only,jobs,2,0.5,7.6087,-5.6385,1.541,0.0564,1.6694,1.3494,0.2732,7.6087,-5.6385,5.0
AAPL::News_composite_z2.0,AAPL,News-only,,3,0.6667,2.2802,-3.3791,1.043,0.0338,1.6552,1.3496,0.3086,4.1738,-3.3791,5.0
ASML::News_composite_z2.0,ASML,News-only,,3,0.6667,1.2996,-1.9489,0.608,0.0195,1.6446,1.3337,0.3118,2.2271,-1.9489,5.0
ASML::News_OR_RSI35,ASML,Combined-OR,,3,0.6667,1.2996,-1.9489,0.608,0.0195,1.6446,1.3337,0.3118,2.2271,-1.9489,5.0
XOM::MACD_bullish_cross,XOM,TA-only,,3,0.6667,1.6454,-2.5096,0.71,0.0251,1.533,1.3113,0.2829,2.877,-2.5096,5.0
IWM::News_composite_z2.0,IWM,News-only,,3,0.6667,1.9682,-3.1169,0.732,0.0312,1.4557,1.2629,0.2346,2.4732,-3.1169,5.0
META::RSI_oversold_30,META,TA-only,,3,0.3333,5.5542,-2.1668,1.013,0.043,1.3964,1.2817,0.2356,5.5542,-3.4006,5.0
META::BB_lower_touch,META,TA-only,,3,0.6667,2.6112,-4.1089,0.899,0.0411,1.2606,1.271,0.2187,5.2167,-4.1089,5.0
AAPL::News_OR_RSI35,AAPL,Combined-OR,,5,0.4,2.2802,-1.1894,0.852,0.0338,1.1737,1.2781,0.2521,4.1738,-3.3791,5.0
HYG::News_jobs_z2.0,HYG,News-only,jobs,2,0.5,0.9632,-0.7896,0.166,0.0079,1.1117,1.2199,0.2101,0.9632,-0.7896,5.0
DIA::News_jobs_z2.0,DIA,News-only,jobs,2,0.5,1.5534,-1.3099,0.223,0.0131,0.9546,1.1859,0.1702,1.5534,-1.3099,5.0
MSFT::RSI_oversold_30,MSFT,TA-only,,4,0.5,3.6067,-3.1405,0.7,0.0619,0.9368,1.1485,0.1131,3.838,-3.9101,5.0
TLT::News_OR_RSI35,TLT,Combined-OR,,4,0.75,0.7397,-1.9073,0.28,0.0191,0.8529,1.1635,0.1466,1.5799,-1.9073,5.0
TSLA::MACD_bullish_cross,TSLA,TA-only,,4,0.5,1.158,-1.0002,0.281,0.0199,0.8232,1.1577,0.1412,2.1946,-1.2588,5.0
GLD::News_composite_z2.0,GLD,News-only,,3,0.3333,4.0532,-1.757,0.414,0.035,0.8015,1.1534,0.1183,4.0532,-2.9487,5.0
GLD::News_OR_RSI35,GLD,Combined-OR,,3,0.3333,4.0532,-1.757,0.414,0.035,0.8015,1.1534,0.1183,4.0532,-2.9487,5.0
JPM::News_jobs_z2.0,JPM,News-only,jobs,2,0.5,1.2739,-1.1067,0.153,0.0111,0.7884,1.1511,0.1378,1.2739,-1.1067,5.0
ASML::News_expected_z2.0,ASML,News-only,expected,2,0.5,2.2271,-1.9489,0.235,0.0195,0.7478,1.1427,0.1205,2.2271,-1.9489,5.0
QQQ::News_jobs_z2.0,QQQ,News-only,jobs,2,0.5,2.4478,-2.1598,0.235,0.0216,0.7016,1.1333,0.1088,2.4478,-2.1598,5.0
AAPL::MACD_bullish_cross,AAPL,TA-only,,3,0.3333,6.826,-3.0553,0.382,0.0427,0.6491,1.1171,0.0895,6.826,-4.2701,5.0
DIA::News_composite_z2.0,DIA,News-only,,3,0.3333,2.2586,-1.0154,0.192,0.0131,0.6301,1.1122,0.1466,2.2586,-1.3099,5.0
DIA::News_OR_RSI35,DIA,Combined-OR,,3,0.3333,2.2586,-1.0154,0.192,0.0131,0.6301,1.1122,0.1466,2.2586,-1.3099,5.0
META::News_OR_RSI35,META,Combined-OR,,7,0.4286,5.6502,-3.8375,0.341,0.1483,0.5673,1.1043,0.023,7.8452,-11.3076,4.6
NXPI::News_jobs_z2.0,NXPI,News-only,jobs,2,0.5,4.3726,-4.0101,0.187,0.0401,0.4854,1.0904,0.0466,4.3726,-4.0101,5.0
CVX::News_composite_z2.0,CVX,News-only,,3,0.3333,1.6201,-0.7702,0.06,0.0106,0.2991,1.0517,0.0566,1.6201,-1.0602,5.0
CVX::News_OR_RSI35,CVX,Combined-OR,,3,0.3333,1.6201,-0.7702,0.06,0.0106,0.2991,1.0517,0.0566,1.6201,-1.0602,5.0
QCOM::TA_confluence_2,QCOM,TA-only,,2,0.5,2.4465,-2.347,0.042,0.0235,0.233,1.0424,0.0179,2.4465,-2.347,5.0
QCOM::News_composite_z2.0,QCOM,News-only,,3,0.6667,4.3179,-8.452,-0.375,0.0845,0.1319,1.0217,-0.0444,4.3836,-8.452,4.0
SPY::News_jobs_z2.0,SPY,News-only,jobs,2,0.5,1.7411,-1.7204,-0.009,0.0172,0.0671,1.012,-0.0052,1.7411,-1.7204,5.0
TLT::News_composite_z2.0,TLT,News-only,,3,0.6667,0.938,-1.9073,-0.063,0.0191,-0.0942,0.9835,-0.033,1.5799,-1.9073,5.0
XOM::News_composite_z2.0,XOM,News-only,,3,0.3333,2.8065,-1.4438,-0.145,0.0211,-0.1685,0.9719,-0.0687,2.8065,-2.1137,5.0
XOM::News_OR_RSI35,XOM,Combined-OR,,3,0.3333,2.8065,-1.4438,-0.145,0.0211,-0.1685,0.9719,-0.0687,2.8065,-2.1137,5.0
TLT::MACD_bullish_cross,TLT,TA-only,,4,0.25,2.6852,-1.0509,-0.525,0.0313,-0.9359,0.8517,-0.1677,2.6852,-1.9237,5.0
TLT::News_expected_z2.0,TLT,News-only,expected,2,0.5,1.5799,-1.9073,-0.358,0.0191,-1.0539,0.8283,-0.1874,1.5799,-1.9073,5.0
HYG::News_composite_z2.0,HYG,News-only,,3,0.6667,0.316,-0.7896,-0.162,0.0079,-1.2811,0.8003,-0.2051,0.4459,-0.7896,5.0
HYG::News_OR_RSI35,HYG,Combined-OR,,3,0.6667,0.316,-0.7896,-0.162,0.0079,-1.2811,0.8003,-0.2051,0.4459,-0.7896,5.0
AMZN::MACD_bullish_cross,AMZN,TA-only,,3,0.3333,5.3001,-3.3268,-1.596,0.0655,-1.4199,0.7966,-0.2437,5.3001,-4.1233,5.0
GS::MACD_bullish_cross,GS,TA-only,,4,0.25,3.9655,-1.7016,-1.275,0.0489,-1.4664,0.7768,-0.2607,3.9655,-3.1331,5.0
QCOM::News_OR_RSI35,QCOM,Combined-OR,,6,0.5,3.6941,-4.6736,-3.543,0.0845,-1.5308,0.7904,-0.4193,4.3836,-8.452,4.5
IWM::News_jobs_z2.0,IWM,News-only,jobs,2,0.5,2.3634,-3.1169,-0.827,0.0312,-1.5433,0.7583,-0.2651,2.3634,-3.1169,5.0
BAC::MACD_bullish_cross,BAC,TA-only,,3,0.6667,1.746,-4.7337,-1.378,0.0473,-1.7561,0.7377,-0.2913,1.7658,-4.7337,5.0
QCOM::MACD_bullish_cross,QCOM,TA-only,,3,0.6667,2.8851,-8.2691,-2.91,0.0827,-2.0247,0.6978,-0.3519,3.9691,-8.2691,4.7
BLK::MACD_bullish_cross,BLK,TA-only,,3,0.3333,2.6203,-1.9156,-1.302,0.0382,-2.0651,0.684,-0.3408,2.6203,-3.579,5.0
MSFT::RSI_oversold_35,MSFT,TA-only,,6,0.6667,2.095,-6.279,-4.634,0.1221,-2.4007,0.6673,-0.3795,2.8385,-8.5105,4.8
SPY::News_composite_z2.0,SPY,News-only,,3,0.3333,1.9356,-1.45,-1.0,0.0172,-2.5861,0.6674,-0.5814,1.9356,-1.7204,5.0
SPY::News_OR_RSI35,SPY,Combined-OR,,3,0.3333,1.9356,-1.45,-1.0,0.0172,-2.5861,0.6674,-0.5814,1.9356,-1.7204,5.0
BLK::News_expected_z2.0,BLK,News-only,expected,2,0.5,3.2266,-5.7816,-2.742,0.0578,-3.1837,0.5581,-0.4744,3.2266,-5.7816,5.0
MSFT::BB_lower_touch,MSFT,TA-only,,3,0.6667,2.3617,-8.5105,-4.139,0.0851,-3.1882,0.555,-0.4864,2.6891,-8.5105,4.7
AVGO::News_composite_z2.0,AVGO,News-only,,3,0.6667,1.5307,-5.6385,-2.728,0.0564,-3.2922,0.5429,-0.4837,1.6874,-5.6385,5.0
QQQ::News_composite_z2.0,QQQ,News-only,,3,0.3333,2.1807,-1.8338,-1.534,0.0216,-3.3617,0.5946,-0.7102,2.1807,-2.1598,5.0
IWM::News_expected_z2.0,IWM,News-only,expected,2,0.5,1.4632,-3.1169,-1.699,0.0312,-4.0529,0.4694,-0.5446,1.4632,-3.1169,5.0
MSFT::News_OR_RSI35,MSFT,Combined-OR,,9,0.5556,2.0666,-4.9628,-9.755,0.1221,-4.1086,0.5205,-0.7989,2.8385,-8.5105,4.9
AVGO::MACD_bullish_cross,AVGO,TA-only,,3,0.3333,3.8748,-4.2132,-4.791,0.0834,-4.3118,0.4598,-0.5745,3.8748,-7.2784,5.0
BLK::News_jobs_z2.0,BLK,News-only,jobs,2,0.5,2.5434,-5.7816,-3.385,0.0578,-4.3662,0.4399,-0.5856,2.5434,-5.7816,5.0
HYG::MACD_bullish_cross,HYG,TA-only,,3,0.6667,0.1394,-0.7187,-0.442,0.0072,-4.6016,0.3879,-0.6139,0.2416,-0.7187,5.0
BLK::BB_lower_touch,BLK,TA-only,,2,0.5,1.043,-2.6055,-1.59,0.0261,-4.8072,0.4003,-0.6092,1.043,-2.6055,5.0
USO::News_jobs_z2.0,USO,News-only,jobs,2,0.5,0.7564,-2.032,-1.291,0.0203,-5.1351,0.3722,-0.636,0.7564,-2.032,5.0
ASML::MACD_bullish_cross,ASML,TA-only,,4,0.5,2.2792,-5.5088,-6.659,0.0703,-5.176,0.4137,-0.9472,4.3185,-7.0269,4.5
BLK::News_OR_RSI35,BLK,Combined-OR,,5,0.4,2.1348,-3.3786,-5.96,0.0984,-5.4029,0.4212,-0.6057,3.2266,-5.7816,5.0
QCOM::RSI_oversold_35,QCOM,TA-only,,3,0.3333,2.4465,-2.7843,-3.18,0.0549,-5.4456,0.4393,-0.5792,2.4465,-3.0737,5.0
BLK::News_composite_z2.0,BLK,News-only,,3,0.3333,3.2266,-3.947,-4.796,0.0777,-5.4523,0.4087,-0.6172,3.2266,-5.7816,5.0
TLT::News_jobs_z2.0,TLT,News-only,jobs,2,0.5,0.6401,-1.9073,-1.279,0.0191,-5.5838,0.3356,-0.6696,0.6401,-1.9073,5.0
QQQ::News_OR_RSI35,QQQ,Combined-OR,,4,0.25,2.1807,-1.6452,-2.782,0.034,-5.6076,0.4418,-0.8182,2.1807,-2.1598,5.0
META::News_composite_z2.0,META,News-only,,3,0.3333,2.9906,-5.674,-8.692,0.1131,-5.8697,0.2635,-0.7685,2.9906,-11.3076,4.0
INTC::News_composite_z2.0,INTC,News-only,,3,0.3333,3.4315,-5.7918,-8.466,0.1084,-5.8813,0.2962,-0.781,3.4315,-10.8355,5.0
INTC::News_OR_RSI35,INTC,Combined-OR,,3,0.3333,3.4315,-5.7918,-8.466,0.1084,-5.8813,0.2962,-0.781,3.4315,-10.8355,5.0
AVGO::News_expected_z2.0,AVGO,News-only,expected,2,0.5,1.6874,-5.6385,-4.046,0.0564,-6.054,0.2993,-0.7174,1.6874,-5.6385,5.0
USO::MACD_bullish_cross,USO,TA-only,,4,0.25,1.3605,-1.1616,-2.135,0.0345,-6.1705,0.3904,-0.6188,1.3605,-1.7664,5.0
HYG::News_expected_z2.0,HYG,News-only,expected,2,0.5,0.186,-0.7896,-0.605,0.0079,-6.9448,0.2356,-0.7658,0.186,-0.7896,5.0
NVDA::News_composite_z2.0,NVDA,News-only,,3,0.3333,1.6592,-3.0356,-4.455,0.0491,-7.0876,0.2733,-0.9073,1.6592,-4.9072,5.0
DIA::MACD_bullish_cross,DIA,TA-only,,5,0.4,0.6755,-2.0591,-4.818,0.0482,-7.4033,0.2187,-0.9996,1.0205,-4.35,5.0
QQQ::MACD_bullish_cross,QQQ,TA-only,,5,0.2,1.152,-1.5136,-4.889,0.0597,-7.6059,0.1903,-0.8189,1.152,-4.3381,5.0
TSLA::News_OR_RSI35,TSLA,Combined-OR,,4,0.25,1.5397,-1.8721,-4.078,0.0553,-7.773,0.2741,-0.7374,1.5397,-3.5371,5.0
MSFT::News_composite_z2.0,MSFT,News-only,,3,0.3333,1.953,-3.6467,-5.369,0.0537,-7.9561,0.2678,-0.9998,1.953,-5.1174,5.0
QCOM::RSI_oversold_30,QCOM,TA-only,,3,0.3333,2.6632,-6.2167,-9.858,0.122,-8.0487,0.2142,-0.808,2.6632,-10.0864,4.7
INTC::News_jobs_z2.0,INTC,News-only,jobs,2,0.5,1.7597,-10.8355,-9.266,0.1084,-8.0884,0.1624,-0.8548,1.7597,-10.8355,5.0
META::News_jobs_z2.0,META,News-only,jobs,2,0.5,1.6475,-11.3076,-9.846,0.1131,-8.37,0.1457,-0.8706,1.6475,-11.3076,3.5
NVDA::News_OR_RSI35,NVDA,Combined-OR,,4,0.25,1.6592,-2.4912,-5.794,0.0579,-8.579,0.222,-1.0007,1.6592,-4.9072,5.0
NXPI::News_OR_RSI35,NXPI,Combined-OR,,4,0.5,1.717,-8.1205,-12.677,0.1316,-8.7604,0.2114,-0.9633,2.8828,-8.9833,4.0
USO::News_expected_z2.0,USO,News-only,expected,2,0.5,0.7564,-6.1744,-5.465,0.0617,-8.7749,0.1225,-0.8857,0.7564,-6.1744,5.0
AAPL::News_expected_z2.0,AAPL,News-only,expected,2,0.5,0.3866,-3.3791,-3.006,0.0338,-8.9202,0.1144,-0.8893,0.3866,-3.3791,5.0
MSFT::News_jobs_z2.0,MSFT,News-only,jobs,2,0.5,0.5128,-5.1174,-4.631,0.0512,-9.1802,0.1002,-0.9045,0.5128,-5.1174,5.0
GS::BB_lower_touch,GS,TA-only,,3,0.3333,1.588,-3.2125,-4.835,0.0483,-9.203,0.2472,-1.001,1.588,-3.4432,5.0
GOOGL::MACD_bullish_cross,GOOGL,TA-only,,3,0.3333,0.4352,-2.6744,-4.898,0.049,-10.2132,0.0814,-0.9996,0.4352,-4.4793,5.0
NVDA::News_jobs_z2.0,NVDA,News-only,jobs,2,0.5,0.0328,-1.164,-1.132,0.0116,-10.6097,0.0282,-0.9759,0.0328,-1.164,5.0
NXPI::News_composite_z2.0,NXPI,News-only,,3,0.3333,2.8828,-8.1205,-13.156,0.1316,-11.0254,0.1775,-0.9997,2.8828,-8.9833,3.7
SPY::MACD_bullish_cross,SPY,TA-only,,5,0.4,0.3035,-1.5231,-3.925,0.044,-11.0888,0.1328,-0.892,0.4939,-2.3659,5.0
META::News_expected_z2.0,META,News-only,expected,2,0.0,0,-5.674,-11.343,0.1134,-11.3055,0.0,-1.0003,-0.0404,-11.3076,3.5
INTC::News_expected_z2.0,INTC,News-only,expected,2,0.0,0,-5.7918,-11.503,0.115,-12.8899,0.0,-1.0003,-0.7481,-10.8355,5.0
MSFT::MACD_bullish_cross,MSFT,TA-only,,5,0.2,2.2304,-5.1263,-17.33,0.1913,-13.268,0.1088,-0.9059,2.2304,-9.9931,4.2
GS::News_jobs_z2.0,GS,News-only,jobs,2,0.0,0,-0.9685,-1.934,0.0193,-13.4314,0.0,-1.0021,-0.1591,-1.7779,5.0
TSLA::BB_lower_touch,TSLA,TA-only,,3,0.3333,0.4631,-5.4964,-10.327,0.1074,-13.6124,0.0421,-0.9615,0.4631,-7.7136,4.7
GS::News_expected_z2.0,GS,News-only,expected,2,0.0,0,-0.632,-1.262,0.0126,-15.0014,0.0,-1.0016,-0.1591,-1.1049,5.0
AMZN::RSI_oversold_30,AMZN,TA-only,,2,0.0,0,-2.0993,-4.178,0.0418,-15.425,0.0,-0.9995,-0.5716,-3.6269,5.0
TSLA::News_expected_z2.0,TSLA,News-only,expected,2,0.0,0,-2.172,-4.315,0.0432,-17.86,0.0,-0.9988,-0.8069,-3.5371,5.0
MU::News_expected_z2.0,MU,News-only,expected,2,0.0,0,-4.6749,-9.217,0.0922,-17.9311,0.0,-0.9997,-1.7484,-7.6015,3.5
JPM::BB_lower_touch,JPM,TA-only,,2,0.0,0,-1.1211,-2.234,0.0223,-17.9627,0.0,-1.0018,-0.4205,-1.8216,5.0
NVDA::News_expected_z2.0,NVDA,News-only,expected,2,0.0,0,-3.0356,-6.014,0.0601,-18.2061,0.0,-1.0007,-1.164,-4.9072,5.0
TSLA::News_composite_z2.0,TSLA,News-only,,3,0.0,0,-1.8721,-5.533,0.0553,-20.3477,0.0,-1.0005,-0.8069,-3.5371,5.0
NVDA::MACD_bullish_cross,NVDA,TA-only,,5,0.0,0,-4.2491,-19.706,0.1971,-20.5863,0.0,-0.9998,-1.1313,-9.0486,5.0
AAPL::RSI_oversold_30,AAPL,TA-only,,2,0.0,0,-0.0945,-0.189,0.0019,-22.3201,0.0,-0.9947,-0.047,-0.1421,5.0
AAPL::RSI_oversold_35,AAPL,TA-only,,2,0.0,0,-0.0945,-0.189,0.0019,-22.3201,0.0,-0.9947,-0.047,-0.1421,5.0
AMD::News_expected_z2.0,AMD,News-only,expected,2,0.0,0,-5.9279,-11.585,0.1159,-23.4075,0.0,-0.9996,-3.0852,-8.7706,3.5
XOM::News_expected_z2.0,XOM,News-only,expected,2,0.0,0,-1.4438,-2.871,0.0287,-24.1899,0.0,-1.0003,-0.7738,-2.1137,5.0
MSFT::News_expected_z2.0,MSFT,News-only,expected,2,0.0,0,-3.6467,-7.182,0.0718,-27.8317,0.0,-1.0003,-2.1759,-5.1174,5.0
NXPI::News_expected_z2.0,NXPI,News-only,expected,2,0.0,0,-6.4967,-12.633,0.1263,-29.3273,0.0,-1.0002,-4.0101,-8.9833,3.5
CVX::News_expected_z2.0,CVX,News-only,expected,2,0.0,0,-0.7702,-1.535,0.0154,-29.812,0.0,-0.9968,-0.4802,-1.0602,5.0
QCOM::News_expected_z2.0,QCOM,News-only,expected,2,0.0,0,-6.488,-12.594,0.1259,-37.0825,0.0,-1.0003,-4.5241,-8.452,3.5
DIA::News_expected_z2.0,DIA,News-only,expected,2,0.0,0,-1.0154,-2.021,0.0202,-38.7023,0.0,-1.0005,-0.7209,-1.3099,5.0
MSFT::TA_confluence_2,MSFT,TA-only,,2,0.0,0,-3.1405,-6.188,0.0619,-45.8056,0.0,-0.9997,-2.3709,-3.9101,5.0
SPY::News_expected_z2.0,SPY,News-only,expected,2,0.0,0,-1.45,-2.88,0.0288,-60.1931,0.0,-1.0,-1.1796,-1.7204,5.0
QQQ::News_expected_z2.0,QQQ,News-only,expected,2,0.0,0,-1.8338,-3.635,0.0364,-63.1536,0.0,-0.9986,-1.5079,-2.1598,5.0
IWM::BB_lower_touch,IWM,TA-only,,2,0.0,0,-0.7844,-1.563,0.0156,-1231.5286,0.0,-1.0019,-0.7773,-0.7916,5.0
