date,publisher,count
2025-09-24,ETF Daily News,61
2025-09-24,Biztoc.com,12
2025-09-24,The Football Faithful,2
2025-09-24,Business Insider,2
2025-09-24,ABC News (AU),2
2025-09-24,The Times of India,2
2025-09-24,GlobeNewswire,1
2025-09-24,CNA,1
2025-09-24,ComputerWeekly.com,1
2025-09-24,The-independent.com,1
2025-09-24,Yahoo Entertainment,1
2025-09-24,Www.gov.uk,1
2025-09-24,Paul Tan's Automotive News,1
2025-09-24,Nep123.com,1
2025-09-24,Al Jazeera English,1
2025-09-24,Associated Press,1
2025-09-24,Ndtvprofit.com,1
2025-09-24,Naftemporiki.gr,1
2025-09-24,ESPN,1
2025-09-24,7NEWS.com.au,1
2025-09-24,BusinessLine,1
2025-10-05,Biztoc.com,26
2025-10-05,Sporting News,12
2025-10-05,Yahoo Entertainment,12
2025-10-05,Freerepublic.com,10
2025-10-05,BBC News,10
2025-10-05,Bleeding Cool News,8
2025-10-05,Fox News,6
2025-10-05,Sky.com,6
2025-10-05,CBS News,4
2025-10-05,The Denver Post,4
2025-10-05,Memeorandum.com,4
2025-10-05,CinemaBlend,4
2025-10-05,Breitbart News,4
2025-10-05,Financial Post,4
2025-10-05,Nikonrumors.com,2
2025-10-05,Thepinknews.com,2
2025-10-05,pymnts.com,2
2025-10-05,Yanko Design,2
2025-10-05,Sportsnaut,2
2025-10-05,Cryptonews,2
2025-10-05,HuffPost,2
2025-10-05,"Boston News, Weather, Sports | WHDH 7News",2
2025-10-05,ClutchPoints,2
2025-10-05,NPR,2
2025-10-05,ESPN,2
2025-10-05,New York Post,2
2025-10-05,The Japan Times,2
2025-10-05,Pmn.co.nz,2
2025-10-05,Newsbreak.com,2
2025-10-05,Al Jazeera English,2
2025-10-05,Slashdot.org,2
2025-10-05,Crikey,2
2025-10-05,Mediaite,2
2025-10-05,Kotaku,2
2025-10-05,Newsonjapan.com,2
2025-10-05,GlobeNewswire,2
2025-10-05,The Hockey News,2
2025-10-05,TheJournal.ie,2
2025-10-05,Jalopnik,2
2025-10-05,The-independent.com,2
2025-10-05,New Atlas,2
2025-10-05,Www.gov.uk,2
2025-10-05,Electrek,2
2025-10-06,The Times of India,9
2025-10-06,Sporting News,7
2025-10-06,Slashdot.org,5
2025-10-06,BusinessLine,5
2025-10-06,Yahoo Entertainment,5
2025-10-06,Freerepublic.com,5
2025-10-06,Thefly.com,5
2025-10-06,BBC News,3
2025-10-06,The Japan Times,3
2025-10-06,Mypeoplesreview.com,3
2025-10-06,Fox News,3
2025-10-06,7NEWS.com.au,3
2025-10-06,ABC News,2
2025-10-06,Bleeding Cool News,2
2025-10-06,The Denver Post,2
2025-10-06,CBC News,2
2025-10-06,International Business Times,2
2025-10-06,Ndtvprofit.com,2
2025-10-06,Adacore.com,1
2025-10-06,Paul Tan's Automotive News,1
2025-10-06,RTE,1
2025-10-06,Livemint,1
2025-10-06,Boxingnews24.com,1
2025-10-06,Ozbargain.com.au,1
2025-10-06,CNBC,1
2025-10-06,Dumblittleman.com,1
2025-10-06,9to5Mac,1
2025-10-06,ABC News (AU),1
2025-10-06,Deadline,1
2025-10-06,Newsonjapan.com,1
2025-10-06,Frominsidethebox.com,1
2025-10-06,Ibtimes.com.au,1
2025-10-06,WCVB Boston,1
2025-10-06,Otago Daily Times,1
2025-10-06,Biztoc.com,1
2025-10-06,KCRA Sacramento,1
2025-10-06,KOCO Oklahoma City,1
2025-10-06,WGAL Susquehanna Valley Pa.,1
2025-10-06,WTAE Pittsburgh,1
2025-10-06,Fox Sports,1
2025-10-06,Crikey,1
2025-10-06,Marketingartfully.com,1
2025-10-06,Deseret News,1
2025-10-06,Memeorandum.com,1
2025-10-06,CinemaBlend,1
2025-10-06,Mediaite,1
2025-10-06,Al Jazeera English,1
2025-10-06,Ambcrypto.com,1
2025-10-06,newsBTC,1
2025-10-07,Biztoc.com,11
2025-10-07,The Times of India,7
2025-10-07,Freerepublic.com,4
2025-10-07,Yahoo Entertainment,4
2025-10-07,Newsonjapan.com,4
2025-10-07,Bleeding Cool News,3
2025-10-07,The Japan Times,3
2025-10-07,ABC News (AU),3
2025-10-07,Slashdot.org,3
2025-10-07,Sporting News,3
2025-10-07,Fox News,3
2025-10-07,Thefly.com,3
2025-10-07,EURACTIV,2
2025-10-07,Breitbart News,2
2025-10-07,Pypi.org,2
2025-10-07,BusinessLine,2
2025-10-07,CBS News,1
2025-10-07,CBC News,1
2025-10-07,syracuse.com,1
2025-10-07,Mrmoneymustache.com,1
2025-10-07,Mypeoplesreview.com,1
2025-10-07,Bitcoinist,1
2025-10-07,WPXI Pittsburgh,1
2025-10-07,Livemint,1
2025-10-07,Memeorandum.com,1
2025-10-07,Ndtvprofit.com,1
2025-10-07,Snopes.com,1
2025-10-07,Loweringthebar.net,1
2025-10-07,Jalopnik,1
2025-10-07,Financial Post,1
2025-10-07,Electrek,1
2025-10-07,CinemaBlend,1
2025-10-07,Page Six,1
2025-10-07,CNBC,1
2025-10-07,The Daily Caller,1
2025-10-07,KPBS,1
2025-10-07,Motley Fool Australia,1
2025-10-07,KTVI Fox 2 St. Louis,1
2025-10-07,ABC News,1
2025-10-07,Crikey,1
2025-10-07,TheStreet,1
2025-10-07,TODAY,1
2025-10-07,Tubefilter,1
2025-10-07,Decrypt,1
2025-10-07,Prtimes.jp,1
2025-10-07,Twz.com,1
2025-10-07,Raw Story,1
2025-10-07,Forbes,1
2025-10-07,BBC News,1
2025-10-07,New Zealand Herald,1
2025-10-07,Mediagazer.com,1
2025-10-07,Starcommunity.com.au,1
2025-10-07,Eonline.com,1
2025-10-07,NBC News,1
2025-10-08,Biztoc.com,11
2025-10-08,GlobeNewswire,9
2025-10-08,Slashdot.org,8
2025-10-08,The Times of India,4
2025-10-08,Fox News,4
2025-10-08,Memeorandum.com,4
2025-10-08,Ndtvprofit.com,3
2025-10-08,The Japan Times,3
2025-10-08,BBC News,3
2025-10-08,Financial Post,3
2025-10-08,ABC News (AU),2
2025-10-08,Sporting News,2
2025-10-08,Bleeding Cool News,2
2025-10-08,Thefly.com,2
2025-10-08,BusinessLine,2
2025-10-08,CNA,2
2025-10-08,Consequence.net,1
2025-10-08,Paul Tan's Automotive News,1
2025-10-08,ABC News,1
2025-10-08,The Advocate,1
2025-10-08,Mediaite,1
2025-10-08,PhoneArena,1
2025-10-08,USA Today,1
2025-10-08,Livemint,1
2025-10-08,Snopes.com,1
2025-10-08,Borderlandbeat.com,1
2025-10-08,Shipahe.ad,1
2025-10-08,Cointelegraph,1
2025-10-08,Otago Daily Times,1
2025-10-08,Neatorama.com,1
2025-10-08,Thechronicle.com.gh,1
2025-10-08,Crikey,1
2025-10-08,Economictimes.com,1
2025-10-08,CBS News,1
2025-10-08,Yahoo Entertainment,1
2025-10-08,Des Moines Register,1
2025-10-08,TheStreet,1
2025-10-08,Louder,1
2025-10-08,HYPEBEAST,1
2025-10-08,Salon,1
2025-10-08,Popular Science,1
2025-10-08,NBC News,1
2025-10-08,Mypeoplesreview.com,1
2025-10-08,CinemaBlend,1
2025-10-08,Rlsbb.to,1
2025-10-08,CNBC,1
2025-10-08,TechRadar,1
2025-10-08,Motley Fool Australia,1
2025-10-08,Idaho Statesman,1
2025-10-08,ZDNet,1
2025-10-08,Freerepublic.com,1
2025-10-09,Biztoc.com,12
2025-10-09,Memeorandum.com,6
2025-10-09,Sporting News,6
2025-10-09,Slashdot.org,5
2025-10-09,Freerepublic.com,4
2025-10-09,Fox News,3
2025-10-09,The Times of India,3
2025-10-09,Bleeding Cool News,2
2025-10-09,NBC News,2
2025-10-09,USA Today,2
2025-10-09,Business Insider,2
2025-10-09,WPXI Pittsburgh,2
2025-10-09,Financial Post,2
2025-10-09,The Hockey News,2
2025-10-09,Mypeoplesreview.com,2
2025-10-09,GlobeNewswire,2
2025-10-09,Breitbart News,2
2025-10-09,Crikey,2
2025-10-09,Al Jazeera English,1
2025-10-09,Israelnationalnews.com,1
2025-10-09,UploadVR,1
2025-10-09,CNA,1
2025-10-09,WSB Atlanta,1
2025-10-09,Yahoo Entertainment,1
2025-10-09,College Football News,1
2025-10-09,Screen Rant,1
2025-10-09,Ndtvprofit.com,1
2025-10-09,Snopes.com,1
2025-10-09,Raw Story,1
2025-10-09,ABC News (AU),1
2025-10-09,CBS Sports,1
2025-10-09,Us Weekly,1
2025-10-09,The Conversation Africa,1
2025-10-09,UPI.com,1
2025-10-09,CoinDesk,1
2025-10-09,The Verge,1
2025-10-09,ABC News,1
2025-10-09,CinemaBlend,1
2025-10-09,Roleplayerschronicle.com,1
2025-10-09,BBC News,1
2025-10-09,Mediaite,1
2025-10-09,CNBC,1
2025-10-09,Pajiba.com,1
2025-10-09,BusinessLine,1
2025-10-09,The Daily Caller,1
2025-10-09,7NEWS.com.au,1
2025-10-09,New York Post,1
2025-10-09,A Sea Of Blue,1
2025-10-09,Decrypt,1
2025-10-09,BroBible,1
2025-10-10,Yahoo Entertainment,7
2025-10-10,Biztoc.com,6
2025-10-10,Thefly.com,5
2025-10-10,Sporting News,4
2025-10-10,The Times of India,4
2025-10-10,The Japan Times,4
2025-10-10,CNA,3
2025-10-10,Freerepublic.com,2
2025-10-10,Slashdot.org,2
2025-10-10,International Business Times,2
2025-10-10,Fox News,2
2025-10-10,Financial Post,2
2025-10-10,Us Weekly,2
2025-10-10,Marca,2
2025-10-10,Forbes,2
2025-10-10,BusinessLine,2
2025-10-10,BBC News,2
2025-10-10,Deadline,2
2025-10-10,SiliconANGLE News,2
2025-10-10,TheWrap,2
2025-10-10,Memeorandum.com,2
2025-10-10,Kstp.com,1
2025-10-10,Economictimes.com,1
2025-10-10,Page Six,1
2025-10-10,Electrek,1
2025-10-10,CinemaBlend,1
2025-10-10,Ncspin.com,1
2025-10-10,CNBC,1
2025-10-10,Zak Chiger,1
2025-10-10,ESPN,1
2025-10-10,Ozbargain.com.au,1
2025-10-10,The Daily Caller,1
2025-10-10,Screen Rant,1
2025-10-10,Vanity Fair,1
2025-10-10,CoinDesk,1
2025-10-10,NBC News,1
2025-10-10,New York Post,1
2025-10-10,Thechronicle.com.gh,1
2025-10-10,KPBS,1
2025-10-10,TheStreet,1
2025-10-10,Livejournal.com,1
2025-10-10,Rlsbb.to,1
2025-10-10,The Federalist,1
2025-10-10,CBC News,1
2025-10-10,ABC News (AU),1
2025-10-10,Ambcrypto.com,1
2025-10-10,newsBTC,1
2025-10-10,Crooksandliars.com,1
2025-10-10,OK!,1
2025-10-10,Wattsupwiththat.com,1
2025-10-10,TVLine,1
2025-10-10,Allthatsinteresting.com,1
2025-10-10,TechRadar,1
2025-10-10,Cheezburger.com,1
2025-10-10,Complete.org,1
2025-10-10,The Denver Post,1
2025-10-11,Biztoc.com,12
2025-10-11,The Times of India,8
2025-10-11,Freerepublic.com,8
2025-10-11,Boredpanda.com,4
2025-10-11,Thefly.com,3
2025-10-11,Sporting News,3
2025-10-11,Slashdot.org,3
2025-10-11,Livemint,3
2025-10-11,Bleeding Cool News,3
2025-10-11,Memeorandum.com,3
2025-10-11,Yahoo Entertainment,3
2025-10-11,Variety,2
2025-10-11,USA Today,2
2025-10-11,Blizzardwatch.com,1
2025-10-11,Golf.com,1
2025-10-11,Forbes,1
2025-10-11,Marca,1
2025-10-11,WSB Atlanta,1
2025-10-11,College Football News,1
2025-10-11,International Business Times,1
2025-10-11,Globeye.info,1
2025-10-11,Boxingnews24.com,1
2025-10-11,Crypto Briefing,1
2025-10-11,Tampafp.com,1
2025-10-11,Fark.com,1
2025-10-11,The Verge,1
2025-10-11,CleanTechnica,1
2025-10-11,CryptoSlate,1
2025-10-11,Screen Rant,1
2025-10-11,TheStreet,1
2025-10-11,Just Jared,1
2025-10-11,GlobeNewswire,1
2025-10-11,CBS News,1
2025-10-11,CBC News,1
2025-10-11,RTE,1
2025-10-11,BBC News,1
2025-10-11,PBS,1
2025-10-11,CinemaBlend,1
2025-10-11,Mypeoplesreview.com,1
2025-10-11,ABC News,1
2025-10-11,CNN,1
2025-10-11,Bitcoinist,1
2025-10-11,SoraNews24,1
2025-10-11,The Indian Express,1
2025-10-11,newsBTC,1
2025-10-11,Deseret News,1
2025-10-11,KRDO,1
2025-10-11,Dramabeans.com,1
2025-10-11,OK!,1
2025-10-11,Fox News,1
2025-10-11,KITV Honolulu,1
2025-10-11,OregonLive,1
2025-10-11,ESPN,1
2025-10-11,Deadline,1
2025-10-12,Yahoo Entertainment,14
2025-10-12,Freerepublic.com,8
2025-10-12,The Times of India,6
2025-10-12,Slashdot.org,6
2025-10-12,Biztoc.com,5
2025-10-12,Sporting News,5
2025-10-12,Newsonjapan.com,4
2025-10-12,BBC News,3
2025-10-12,Breitbart News,2
2025-10-12,The Japan Times,2
2025-10-12,Fox News,2
2025-10-12,Boredpanda.com,2
2025-10-12,The Hockey News,2
2025-10-12,Daily Beast,1
2025-10-12,KCBD,1
2025-10-12,Al Jazeera English,1
2025-10-12,Memeorandum.com,1
2025-10-12,Slickdeals.net,1
2025-10-12,Forbes,1
2025-10-12,GlobeNewswire,1
2025-10-12,SlashGear,1
2025-10-12,Bleeding Cool News,1
2025-10-12,Clarion Ledger,1
2025-10-12,The Denver Post,1
2025-10-12,ClutchPoints,1
2025-10-12,Johnnyjet.com,1
2025-10-12,New York Post,1
2025-10-12,WPXI Pittsburgh,1
2025-10-12,LancasterOnline,1
2025-10-12,Cointelegraph,1
2025-10-12,GoDanRiver.com,1
2025-10-12,Financial Post,1
2025-10-12,LubbockOnline.com,1
2025-10-12,Deseret News,1
2025-10-12,CleanTechnica,1
2025-10-12,Nep123.com,1
2025-10-12,ABC News (AU),1
2025-10-12,K95tulsa.com,1
2025-10-12,CBS Sports,1
2025-10-12,newsBTC,1
2025-10-12,WSB Atlanta,1
2025-10-12,Wbab.com,1
2025-10-12,XDA Developers,1
2025-10-12,Ambcrypto.com,1
2025-10-12,Seclists.org,1
2025-10-12,Wattsupwiththat.com,1
2025-10-12,Digital Journal,1
2025-10-12,Smartnews.com,1
2025-10-12,AZCentral,1
2025-10-12,The Indianapolis Star,1
2025-10-12,The Manila Times,1
2025-10-12,Just Jared,1
2025-10-13,The Times of India,10
2025-10-13,Biztoc.com,10
2025-10-13,Yahoo Entertainment,7
2025-10-13,Sporting News,7
2025-10-13,Ndtvprofit.com,5
2025-10-13,Mypeoplesreview.com,3
2025-10-13,International Business Times,3
2025-10-13,Slashdot.org,3
2025-10-13,BusinessLine,3
2025-10-13,Motley Fool Australia,2
2025-10-13,Dealnews.com,2
2025-10-13,Digital Journal,2
2025-10-13,Vulture,2
2025-10-13,Decider,2
2025-10-13,Financial Post,2
2025-10-13,Fox News,2
2025-10-13,Freerepublic.com,2
2025-10-13,NPR,2
2025-10-13,Bleeding Cool News,2
2025-10-13,7NEWS.com.au,1
2025-10-13,Windows Central,1
2025-10-13,Thrakika.gr,1
2025-10-13,Thefly.com,1
2025-10-13,Economictimes.com,1
2025-10-13,WFTV Orlando,1
2025-10-13,Ibtimes.com.au,1
2025-10-13,Fark.com,1
2025-10-13,Fox Business,1
2025-10-13,WPXI Pittsburgh,1
2025-10-13,New York Post,1
2025-10-13,KTSM 9 News,1
2025-10-13,CryptoSlate,1
2025-10-13,Starcommunity.com.au,1
2025-10-13,USA Today,1
2025-10-13,ScienceAlert,1
2025-10-13,FRANCE 24 English,1
2025-10-13,The Japan Times,1
2025-10-13,WSB Atlanta,1
2025-10-13,The Conversation Africa,1
2025-10-13,Wordpress.com,1
2025-10-13,Forbes,1
2025-10-13,The Sydney Morning Herald,1
2025-10-13,BBC News,1
2025-10-13,ESPN,1
2025-10-14,The Times of India,11
2025-10-14,Biztoc.com,10
2025-10-14,Thefly.com,8
2025-10-14,Slashdot.org,5
2025-10-14,GlobeNewswire,4
2025-10-14,The Japan Times,4
2025-10-14,Ndtvprofit.com,4
2025-10-14,Yahoo Entertainment,4
2025-10-14,Memeorandum.com,3
2025-10-14,Bleeding Cool News,3
2025-10-14,Breitbart News,3
2025-10-14,Fox News,2
2025-10-14,Mypeoplesreview.com,2
2025-10-14,Fark.com,1
2025-10-14,TheStreet,1
2025-10-14,The Straits Times,1
2025-10-14,HuffPost,1
2025-10-14,Sporting News,1
2025-10-14,KESQ,1
2025-10-14,USA Today,1
2025-10-14,Commonsensewithmoney.com,1
2025-10-14,Livemint,1
2025-10-14,Adweek,1
2025-10-14,Snopes.com,1
2025-10-14,Wccftech,1
2025-10-14,International Business Times,1
2025-10-14,The Colorado Sun,1
2025-10-14,CNBC,1
2025-10-14,Crikey,1
2025-10-14,KTVI Fox 2 St. Louis,1
2025-10-14,KTVU San Francisco,1
2025-10-14,Forbes,1
2025-10-14,TODAY,1
2025-10-14,ABC News (AU),1
2025-10-14,KOIN.com,1
2025-10-14,Economictimes.com,1
2025-10-14,NBCSports.com,1
2025-10-14,The Sydney Morning Herald,1
2025-10-14,CNN,1
2025-10-14,Nep123.com,1
2025-10-14,Designboom,1
2025-10-14,Balloon-juice.com,1
2025-10-14,CNA,1
2025-10-14,Freerepublic.com,1
2025-10-14,The Daily Caller,1
2025-10-14,Lmsys.org,1
2025-10-14,Financial Post,1
2025-10-14,Digitimes,1
2025-10-14,BBC News,1
2025-10-15,Slashdot.org,8
2025-10-15,Biztoc.com,8
2025-10-15,GlobeNewswire,5
2025-10-15,The Times of India,5
2025-10-15,BusinessLine,2
2025-10-15,Bleeding Cool News,2
2025-10-15,Crikey,2
2025-10-15,Motley Fool Australia,2
2025-10-15,Cointelegraph,2
2025-10-15,Sporting News,2
2025-10-15,Financial Post,2
2025-10-15,BBC News,2
2025-10-15,Breitbart News,2
2025-10-15,New York Post,2
2025-10-15,Raw Story,2
2025-10-15,Memeorandum.com,2
2025-10-15,New Zealand Herald,1
2025-10-15,Just Jared,1
2025-10-15,Hospitality Net,1
2025-10-15,Atozsports.com,1
2025-10-15,STLtoday.com,1
2025-10-15,FOX13 Memphis,1
2025-10-15,Yahoo Entertainment,1
2025-10-15,Digitimes,1
2025-10-15,New York Daily News,1
2025-10-15,CBS Sports,1
2025-10-15,The Hockey News,1
2025-10-15,The Daily Caller,1
2025-10-15,Paul Tan's Automotive News,1
2025-10-15,Dakotanewsnow.com,1
2025-10-15,USA Today,1
2025-10-15,The Indian Express,1
2025-10-15,Livemint,1
2025-10-15,Economictimes.com,1
2025-10-15,WKRG News 5,1
2025-10-15,The Japan Times,1
2025-10-15,Snopes.com,1
2025-10-15,Eonline.com,1
2025-10-15,Inside the Magic,1
2025-10-15,NBCSports.com,1
2025-10-15,Survivalblog.com,1
2025-10-15,Fox News,1
2025-10-15,KETV Omaha,1
2025-10-15,CNN,1
2025-10-15,Pypi.org,1
2025-10-15,Al Jazeera English,1
2025-10-15,SiliconANGLE News,1
2025-10-15,CoinDesk,1
2025-10-15,WSB Atlanta,1
2025-10-15,Mediagazer.com,1
2025-10-15,Decrypt,1
2025-10-15,CinemaBlend,1
2025-10-15,Ndtvprofit.com,1
2025-10-15,The Denver Post,1
2025-10-15,CNBC,1
2025-10-15,GhanaWeb,1
2025-10-15,Khabarhub.com,1
2025-10-15,Techmeme.com,1
2025-10-15,New Hampshire Public Radio,1
2025-10-15,TODAY,1
2025-10-15,Wccftech,1
2025-10-15,IGN,1
2025-10-15,Dayton Daily News,1
2025-10-15,ESPN,1
2025-10-16,Fox News,6
2025-10-16,Slashdot.org,6
2025-10-16,Biztoc.com,6
2025-10-16,Freerepublic.com,5
2025-10-16,Sporting News,5
2025-10-16,The Times of India,5
2025-10-16,BusinessLine,3
2025-10-16,Ndtvprofit.com,3
2025-10-16,CBS News,3
2025-10-16,Yahoo Entertainment,2
2025-10-16,ABC News,2
2025-10-16,ABC News (AU),2
2025-10-16,Pinterest.com,2
2025-10-16,WSB Atlanta,2
2025-10-16,Forbes,2
2025-10-16,MassLive.com,1
2025-10-16,The Conversation Africa,1
2025-10-16,iTnews,1
2025-10-16,KITV Honolulu,1
2025-10-16,The Spokesman-Review,1
2025-10-16,ClutchPoints,1
2025-10-16,Paul Tan's Automotive News,1
2025-10-16,HuffPost,1
2025-10-16,Mediagazer.com,1
2025-10-16,TechRadar,1
2025-10-16,TheStreet,1
2025-10-16,Salon,1
2025-10-16,The News Journal,1
2025-10-16,The Denver Post,1
2025-10-16,MLB Trade Rumors,1
2025-10-16,Bitcoinist,1
2025-10-16,OilPrice.com,1
2025-10-16,Livemint,1
2025-10-16,GlobeNewswire,1
2025-10-16,Snopes.com,1
2025-10-16,STLtoday.com,1
2025-10-16,TMZ,1
2025-10-16,Knoxville News Sentinel,1
2025-10-16,Livejournal.com,1
2025-10-16,Fstoppers,1
2025-10-16,CinemaBlend,1
2025-10-16,BBC News,1
2025-10-16,Boxingnews24.com,1
2025-10-16,New York Post,1
2025-10-16,Hip-Hop Wired,1
2025-10-16,Bleeding Cool News,1
2025-10-16,Crikey,1
2025-10-16,New York Daily News,1
2025-10-16,Mypeoplesreview.com,1
2025-10-16,Pajiba.com,1
2025-10-16,Louder,1
2025-10-16,Breitbart News,1
2025-10-16,AZCentral,1
2025-10-16,WDSU New Orleans,1
2025-10-16,The Daily Caller,1
2025-10-16,Orlando Sentinel,1
2025-10-16,Littlethings.com,1
2025-10-16,Bradenkelley.com,1
2025-10-17,Biztoc.com,7
2025-10-17,Freerepublic.com,7
2025-10-17,Yahoo Entertainment,6
2025-10-17,The Times of India,6
2025-10-17,Fox News,6
2025-10-17,Sporting News,4
2025-10-17,Breitbart News,4
2025-10-17,New York Post,4
2025-10-17,CBS News,3
2025-10-17,Slashdot.org,3
2025-10-17,ABC News (AU),3
2025-10-17,Al Jazeera English,2
2025-10-17,BBC News,2
2025-10-17,HuffPost,2
2025-10-17,CBC News,2
2025-10-17,CNBC,2
2025-10-17,CinemaBlend,2
2025-10-17,Seeedstudio.com,1
2025-10-17,Just Jared,1
2025-10-17,Slickdeals.net,1
2025-10-17,Mypeoplesreview.com,1
2025-10-17,BusinessWorld Online,1
2025-10-17,Golf.com,1
2025-10-17,Ibtimes.com.au,1
2025-10-17,Raw Story,1
2025-10-17,The Intercept,1
2025-10-17,Boxingnews24.com,1
2025-10-17,Thefly.com,1
2025-10-17,NBC News,1
2025-10-17,Bleeding Cool News,1
2025-10-17,Blog.jp,1
2025-10-17,Decrypt,1
2025-10-17,New Zealand Herald,1
2025-10-17,Memeorandum.com,1
2025-10-17,USA Today,1
2025-10-17,Nihtdigitalmarketing.com,1
2025-10-17,Marca,1
2025-10-17,The Verge,1
2025-10-17,newsBTC,1
2025-10-17,Ambcrypto.com,1
2025-10-17,TVLine,1
2025-10-17,BusinessLine,1
2025-10-17,Cracked.com,1
2025-10-17,Decider,1
2025-10-17,TechRadar,1
2025-10-17,Nep123.com,1
2025-10-17,KPBS,1
2025-10-17,Newsweek,1
2025-10-17,MLB Trade Rumors,1
2025-10-17,The-independent.com,1
2025-10-18,The Times of India,12
2025-10-18,Memeorandum.com,9
2025-10-18,Yahoo Entertainment,5
2025-10-18,Slashdot.org,4
2025-10-18,Biztoc.com,4
2025-10-18,USA Today,3
2025-10-18,Bleeding Cool News,3
2025-10-18,Livemint,3
2025-10-18,The Indian Express,3
2025-10-18,Financial Post,2
2025-10-18,Fox News,2
2025-10-18,International Business Times,2
2025-10-18,Breitbart News,2
2025-10-18,CinemaBlend,2
2025-10-18,Acquiremag.com,1
2025-10-18,Antaranews.com,1
2025-10-18,New York Post,1
2025-10-18,Yanko Design,1
2025-10-18,Al Jazeera English,1
2025-10-18,Wrestlezone.com,1
2025-10-18,Prtimes.jp,1
2025-10-18,CNA,1
2025-10-18,Sporting News,1
2025-10-18,Mediaite,1
2025-10-18,Raw Story,1
2025-10-18,Mypeoplesreview.com,1
2025-10-18,Fox Sports,1
2025-10-18,Snopes.com,1
2025-10-18,Boxingnews24.com,1
2025-10-18,Phillyburbs.com,1
2025-10-18,Page Six,1
2025-10-18,Freerepublic.com,1
2025-10-18,Westernjournal.com,1
2025-10-18,The Daily Caller,1
2025-10-18,Fark.com,1
2025-10-18,Khabarhub.com,1
2025-10-18,TechCrunch,1
2025-10-18,AZFamily,1
2025-10-18,Heraldtimesonline.com,1
2025-10-18,The Hockey News,1
2025-10-18,CBS News,1
2025-10-18,Nikonrumors.com,1
2025-10-18,Milliondollarjourney.com,1
2025-10-18,Bradenkelley.com,1
2025-10-18,KPBS,1
2025-10-18,Athlon Sports,1
2025-10-18,BBC News,1
2025-10-18,Deadline,1
2025-10-18,KTVZ,1
2025-10-18,New Zealand Herald,1
2025-10-18,newsBTC,1
2025-10-18,The Denver Post,1
2025-10-18,Bitcoinist,1
2025-10-18,Spoilertv.com,1
2025-10-18,Wrestling Inc.,1
2025-10-18,TechRadar,1
2025-10-19,Yahoo Entertainment,19
2025-10-19,The Times of India,11
2025-10-19,Biztoc.com,6
2025-10-19,CBS Sports,3
2025-10-19,Sporting News,3
2025-10-19,Metalunderground.com,2
2025-10-19,ESPN,2
2025-10-19,Fox News,2
2025-10-19,Slashdot.org,2
2025-10-19,Memeorandum.com,2
2025-10-19,Mypeoplesreview.com,2
2025-10-19,Freerepublic.com,2
2025-10-19,New York Post,2
2025-10-19,BBC News,2
2025-10-19,Ndtvprofit.com,1
2025-10-19,Khabarhub.com,1
2025-10-19,The Daily Caller,1
2025-10-19,Yanko Design,1
2025-10-19,CNA,1
2025-10-19,Knoxville News Sentinel,1
2025-10-19,The Indian Express,1
2025-10-19,MLB Trade Rumors,1
2025-10-19,Tuscaloosa News,1
2025-10-19,Screen Rant,1
2025-10-19,ClutchPoints,1
2025-10-19,Motorsport.com,1
2025-10-19,Raw Story,1
2025-10-19,newsBTC,1
2025-10-19,USA Today,1
2025-10-19,Livemint,1
2025-10-19,Nintendo Life,1
2025-10-19,NBC News,1
2025-10-19,Balloon-juice.com,1
2025-10-19,SlashGear,1
2025-10-19,Bordermail.com.au,1
2025-10-19,Mediaite,1
2025-10-19,KOIN.com,1
2025-10-19,Greenville News,1
2025-10-19,Boxingnews24.com,1
2025-10-19,Bleeding Cool News,1
2025-10-19,Livedoor.biz,1
2025-10-19,ScienceAlert,1
2025-10-19,Honolulu Star-Advertiser,1
2025-10-19,Legalinsurrection.com,1
2025-10-19,Ambcrypto.com,1
2025-10-19,ABC News (AU),1
2025-10-19,Nep123.com,1
2025-10-19,The Hockey News,1
2025-10-19,Rolling Stone,1
2025-10-19,TMZ,1
2025-10-19,Linkedin.com,1
2025-10-19,GlobeNewswire,1
2025-10-19,Breitbart News,1
2025-10-19,Tallahassee Democrat,1
2025-10-20,Biztoc.com,15
2025-10-20,The Times of India,13
2025-10-20,Yahoo Entertainment,6
2025-10-20,Ndtvprofit.com,4
2025-10-20,Slashdot.org,4
2025-10-20,Globalsecurity.org,3
2025-10-20,Fox News,3
2025-10-20,BusinessLine,3
2025-10-20,GlobeNewswire,3
2025-10-20,Mypeoplesreview.com,2
2025-10-20,CBS Sports,2
2025-10-20,Starcommunity.com.au,2
2025-10-20,Financial Post,2
2025-10-20,The Hockey News,2
2025-10-20,Freerepublic.com,2
2025-10-20,BBC News,2
2025-10-20,Crikey,1
2025-10-20,The Japan Times,1
2025-10-20,Boxingnews24.com,1
2025-10-20,Bleeding Cool News,1
2025-10-20,Livemint,1
2025-10-20,Mubi.com,1
2025-10-20,Nep123.com,1
2025-10-20,Balloon-juice.com,1
2025-10-20,Covers.com,1
2025-10-20,International Business Times,1
2025-10-20,Koreaboo.com,1
2025-10-20,Thegatewaypundit.com,1
2025-10-20,The-independent.com,1
2025-10-20,Sporting News,1
2025-10-20,fox8.com,1
2025-10-20,The Daily Caller,1
2025-10-20,Pajiba.com,1
2025-10-20,Tuscaloosa News,1
2025-10-20,The Indianapolis Star,1
2025-10-20,Pypi.org,1
2025-10-20,KSN-TV,1
2025-10-20,TMZ,1
2025-10-20,CinemaBlend,1
2025-10-20,ABC News,1
2025-10-20,New Atlas,1
2025-10-20,The Conversation Africa,1
2025-10-20,Breitbart News,1
2025-10-20,Honolulu Star-Advertiser,1
2025-10-20,USA Today,1
2025-10-21,The Times of India,7
2025-10-21,Space Daily,5
2025-10-21,Slashdot.org,5
2025-10-21,Fox News,4
2025-10-21,Biztoc.com,4
2025-10-21,Bleeding Cool News,3
2025-10-21,ABC News,3
2025-10-21,Spacewar.com,3
2025-10-21,International Business Times,3
2025-10-21,Motley Fool Australia,3
2025-10-21,New York Post,3
2025-10-21,Forbes,2
2025-10-21,CNBC,2
2025-10-21,Financial Post,2
2025-10-21,Yahoo Entertainment,2
2025-10-21,Memeorandum.com,2
2025-10-21,GlobeNewswire,2
2025-10-21,Freerepublic.com,2
2025-10-21,CBC News,2
2025-10-21,Breitbart News,2
2025-10-21,Raw Story,1
2025-10-21,Page Six,1
2025-10-21,Sporting News,1
2025-10-21,The Denver Post,1
2025-10-21,PolitiFact,1
2025-10-21,Carryology.com,1
2025-10-21,Gatewayhispanic.com,1
2025-10-21,Newsshooter,1
2025-10-21,Decrypt,1
2025-10-21,Cointelegraph,1
2025-10-21,GameSpot,1
2025-10-21,The Indian Express,1
2025-10-21,Snopes.com,1
2025-10-21,Ndtvprofit.com,1
2025-10-21,CinemaBlend,1
2025-10-21,Pypi.org,1
2025-10-21,BBC News,1
2025-10-21,The Star Online,1
2025-10-21,7NEWS.com.au,1
2025-10-21,Survivalblog.com,1
2025-10-21,Just Jared,1
2025-10-21,The Daily Caller,1
2025-10-21,Boxingnews24.com,1
2025-10-21,Crikey,1
2025-10-21,Mypeoplesreview.com,1
2025-10-21,CoinDesk,1
2025-10-21,BroBible,1
2025-10-21,WPXI Pittsburgh,1
2025-10-21,WSB Atlanta,1
2025-10-21,TheWrap,1
2025-10-21,Israelnationalnews.com,1
2025-10-21,CBS News,1
2025-10-21,The Japan Times,1
2025-10-21,NBC News,1
2025-10-21,Next Big Future,1
2025-10-21,EURACTIV,1
2025-10-21,Ubuntu.com,1
2025-10-22,GlobeNewswire,10
2025-10-22,The Times of India,8
2025-10-22,Slashdot.org,6
2025-10-22,Yahoo Entertainment,5
2025-10-22,CBS News,5
2025-10-22,Fox News,4
2025-10-22,Freerepublic.com,4
2025-10-22,Memeorandum.com,3
2025-10-22,The Japan Times,2
2025-10-22,Mypeoplesreview.com,2
2025-10-22,CinemaBlend,2
2025-10-22,Bleeding Cool News,2
2025-10-22,DW (English),2
2025-10-22,Thefly.com,2
2025-10-22,NBC News,1
2025-10-22,ESPN,1
2025-10-22,The Straits Times,1
2025-10-22,Balloon-juice.com,1
2025-10-22,ABC News (AU),1
2025-10-22,Raw Story,1
2025-10-22,Livemint,1
2025-10-22,Snopes.com,1
2025-10-22,New York Post,1
2025-10-22,Survivalblog.com,1
2025-10-22,HuffPost,1
2025-10-22,BroBible,1
2025-10-22,Ozbargain.com.au,1
2025-10-22,CNBC,1
2025-10-22,TheStreet,1
2025-10-22,Marca,1
2025-10-22,9to5Toys,1
2025-10-22,New Zealand Herald,1
2025-10-22,Vulture,1
2025-10-22,Deseret News,1
2025-10-22,Go2tutors.com,1
2025-10-22,Fox Sports,1
2025-10-22,Al Jazeera English,1
2025-10-22,Japan Today,1
2025-10-22,RTE,1
2025-10-22,The Denver Post,1
2025-10-22,Digitimes,1
2025-10-22,ABC News,1
2025-10-22,Publishingperspectives.com,1
2025-10-22,Blog.jp,1
2025-10-22,MSNBC,1
2025-10-22,The Daily Caller,1
2025-10-22,BBC News,1
2025-10-22,Pajiba.com,1
2025-10-22,Nintendo Life,1
2025-10-22,Legalinsurrection.com,1
2025-10-22,newsBTC,1
2025-10-22,USA Today,1
2025-10-22,Ambcrypto.com,1
2025-10-22,CryptoSlate,1
2025-10-22,Fark.com,1
2025-10-22,Screen Rant,1
2025-10-23,Biztoc.com,13
2025-10-23,GlobeNewswire,7
2025-10-23,The Times of India,7
2025-10-23,Slashdot.org,6
2025-10-23,Breitbart News,5
2025-10-23,Pypi.org,4
2025-10-23,SiliconANGLE News,3
2025-10-23,USA Today,3
2025-10-23,CBS News,3
2025-10-23,Financial Post,3
2025-10-23,Livemint,2
2025-10-23,Mypeoplesreview.com,2
2025-10-23,NBC News,2
2025-10-23,CinemaBlend,2
2025-10-23,BusinessLine,2
2025-10-23,Economictimes.com,1
2025-10-23,7NEWS.com.au,1
2025-10-23,Livedoor.biz,1
2025-10-23,Snopes.com,1
2025-10-23,Matsuoka.com,1
2025-10-23,Mediaite,1
2025-10-23,BroBible,1
2025-10-23,Crypto Briefing,1
2025-10-23,Cointelegraph,1
2025-10-23,Fox News,1
2025-10-23,The Denver Post,1
2025-10-23,Current.org,1
2025-10-23,The Japan Times,1
2025-10-23,ESPN,1
2025-10-23,The Daily Caller,1
2025-10-23,HuffPost,1
2025-10-23,Marca,1
2025-10-23,Ama.org,1
2025-10-23,CNBC,1
2025-10-23,Thecnm.org,1
2025-10-23,Bleeding Cool News,1
2025-10-23,Decrypt,1
2025-10-23,Al Jazeera English,1
2025-10-23,Sky.com,1
2025-10-23,Boxingnews24.com,1
2025-10-23,BBC News,1
2025-10-23,Memeorandum.com,1
2025-10-23,Daily Beast,1
2025-10-23,Seeking Alpha,1
2025-10-23,Freerepublic.com,1
2025-10-23,TheStreet,1
2025-10-23,Havana Times,1
2025-10-24,The Times of India,7
2025-10-24,Yahoo Entertainment,7
2025-10-24,CBS News,6
2025-10-24,Biztoc.com,5
2025-10-24,Thefly.com,4
2025-10-24,Slashdot.org,4
2025-10-24,Memeorandum.com,3
2025-10-24,Bleeding Cool News,2
2025-10-24,Al Jazeera English,2
2025-10-24,Freerepublic.com,2
2025-10-24,The Daily Caller,2
2025-10-24,Crikey,2
2025-10-24,USA Today,2
2025-10-24,SiliconANGLE News,2
2025-10-24,The Star Online,2
2025-10-24,TechRadar,2
2025-10-24,ABC News (AU),2
2025-10-24,CNBC,1
2025-10-24,Raw Story,1
2025-10-24,TheStreet,1
2025-10-24,Sporting News,1
2025-10-24,Boston Herald,1
2025-10-24,"Boston News, Weather, Sports | WHDH 7News",1
2025-10-24,Mediagazer.com,1
2025-10-24,Mypeoplesreview.com,1
2025-10-24,Fox News,1
2025-10-24,New Zealand Herald,1
2025-10-24,New York Post,1
2025-10-24,Livemint,1
2025-10-24,Snopes.com,1
2025-10-24,Survivalblog.com,1
2025-10-24,Theme Park Insider,1
2025-10-24,Politicalwire.com,1
2025-10-24,Twistedsifter.com,1
2025-10-24,BusinessLine,1
2025-10-24,Business Insider,1
2025-10-24,DW (English),1
2025-10-24,Fox Sports,1
2025-10-24,CinemaBlend,1
2025-10-24,CBC News,1
2025-10-24,Prtimes.jp,1
2025-10-24,Pajiba.com,1
2025-10-24,Screenanarchy.com,1
2025-10-24,CNA,1
2025-10-24,BBC News,1
2025-10-24,The Denver Post,1
2025-10-24,The Indian Express,1
2025-10-24,Fstoppers,1
2025-10-24,Samsungmobilepress.com,1
2025-10-24,Legalinsurrection.com,1
2025-10-24,Vulture,1
2025-10-24,Ambcrypto.com,1
2025-10-24,Us Weekly,1
2025-10-24,ZDNet,1
2025-10-24,PBS,1
2025-10-24,newsBTC,1
2025-10-24,Bitcoinist,1
2025-10-25,The Times of India,11
2025-10-25,Biztoc.com,10
2025-10-25,Memeorandum.com,6
2025-10-25,Slashdot.org,5
2025-10-25,USA Today,4
2025-10-25,Yahoo Entertainment,3
2025-10-25,Bleeding Cool News,3
2025-10-25,Livemint,3
2025-10-25,Freerepublic.com,3
2025-10-25,The Daily Caller,2
2025-10-25,New York Post,2
2025-10-25,ABC News,2
2025-10-25,Mypeoplesreview.com,2
2025-10-25,Fox Sports,2
2025-10-25,Fox News,2
2025-10-25,Writersdigest.com,2
2025-10-25,Financial Post,2
2025-10-25,Kiwipolitico.com,1
2025-10-25,GlobeNewswire,1
2025-10-25,Sporting News,1
2025-10-25,Underdogdynasty.com,1
2025-10-25,Slickdeals.net,1
2025-10-25,CBS Sports,1
2025-10-25,TheStreet,1
2025-10-25,Marca,1
2025-10-25,The Star Online,1
2025-10-25,The Indian Express,1
2025-10-25,KFSN-TV,1
2025-10-25,Snopes.com,1
2025-10-25,NPR,1
2025-10-25,The Advocate,1
2025-10-25,ABC News (AU),1
2025-10-25,Guardian Nigeria,1
2025-10-25,WHBF - OurQuadCities.com,1
2025-10-25,CBS News,1
2025-10-25,Next Big Future,1
2025-10-25,Qcnews.com,1
2025-10-25,PC Gamer,1
2025-10-25,Anime News Network,1
2025-10-25,CinemaBlend,1
2025-10-25,Raw Story,1
2025-10-25,BBC News,1
2025-10-25,Mediaite,1
2025-10-25,Breitbart News,1
2025-10-25,Bitcoinist,1
2025-10-25,newsBTC,1
2025-10-25,Crooksandliars.com,1
2025-10-25,The Denver Post,1
2025-10-25,NBC News,1
2025-10-25,Boston Herald,1
2025-10-26,The Times of India,10
2025-10-26,Slashdot.org,7
2025-10-26,Yahoo Entertainment,5
2025-10-26,Freerepublic.com,5
2025-10-26,Digital Journal,4
2025-10-26,The Japan Times,3
2025-10-26,Livemint,3
2025-10-26,BBC News,3
2025-10-26,Fox News,2
2025-10-26,Bleeding Cool News,2
2025-10-26,Tuscaloosa News,2
2025-10-26,Memeorandum.com,2
2025-10-26,Biztoc.com,2
2025-10-26,The Star Online,2
2025-10-26,CBS Sports,2
2025-10-26,Twistedsifter.com,1
2025-10-26,Yanko Design,1
2025-10-26,ABC News (AU),1
2025-10-26,New York Post,1
2025-10-26,Al Jazeera English,1
2025-10-26,Consequence.net,1
2025-10-26,newsBTC,1
2025-10-26,Mypeoplesreview.com,1
2025-10-26,BusinessLine,1
2025-10-26,Associated Press,1
2025-10-26,Forbes,1
2025-10-26,Linuxgizmos.com,1
2025-10-26,Ozbargain.com.au,1
2025-10-26,Breitbart News,1
2025-10-26,Deseret News,1
2025-10-26,Sneaker News,1
2025-10-26,USA Today,1
2025-10-26,Montgomery Advertiser,1
2025-10-26,Sky.com,1
2025-10-26,Activistpost.com,1
2025-10-26,WLS-TV,1
2025-10-26,Oklahoman.com,1
2025-10-26,Tickerreport.com,1
2025-10-26,Khabarhub.com,1
2025-10-26,Dailypolitical.com,1
2025-10-26,Just Jared,1
2025-10-26,The Denver Post,1
2025-10-26,Sporting News,1
2025-10-26,Ambcrypto.com,1
2025-10-26,CougCenter,1
2025-10-26,Bitcoinist,1
2025-10-26,Screen Rant,1
2025-10-26,Cheezburger.com,1
2025-10-26,New Zealand Herald,1
2025-10-26,Wattsupwiththat.com,1
2025-10-26,Mediaite,1
2025-10-26,Cointelegraph,1
2025-10-26,GSMArena.com,1
2025-10-26,The Daily Caller,1
2025-10-26,7NEWS.com.au,1
2025-10-26,TMZ,1
2025-10-27,Biztoc.com,10
2025-10-27,The Times of India,9
2025-10-27,BusinessLine,7
2025-10-27,Slashdot.org,6
2025-10-27,Yahoo Entertainment,4
2025-10-27,Ndtvprofit.com,3
2025-10-27,Fox News,3
2025-10-27,USA Today,2
2025-10-27,Prtimes.jp,2
2025-10-27,The Indian Express,2
2025-10-27,Crikey,2
2025-10-27,Forbes,2
2025-10-27,Decider,2
2025-10-27,Freerepublic.com,2
2025-10-27,BBC News,2
2025-10-27,Fox Sports,1
2025-10-27,Activistpost.com,1
2025-10-27,Survivalblog.com,1
2025-10-27,New Zealand Herald,1
2025-10-27,The Daily Caller,1
2025-10-27,Associated Press,1
2025-10-27,Mypeoplesreview.com,1
2025-10-27,Cointelegraph,1
2025-10-27,Next Big Future,1
2025-10-27,Balloon-juice.com,1
2025-10-27,CryptoSlate,1
2025-10-27,Livemint,1
2025-10-27,Spoilertv.com,1
2025-10-27,Memeorandum.com,1
2025-10-27,Gallup.com,1
2025-10-27,pymnts.com,1
2025-10-27,CNBC,1
2025-10-27,CBS Sports,1
2025-10-27,CNN,1
2025-10-27,NBC News,1
2025-10-27,Sporting News,1
2025-10-27,MLB Trade Rumors,1
2025-10-27,The Japan Times,1
2025-10-27,Whereisthebuzz.com,1
2025-10-27,Bring Me The News,1
2025-10-27,Buenos Aires Times,1
2025-10-27,CBC News,1
2025-10-27,Israelnationalnews.com,1
2025-10-27,SlashGear,1
2025-10-27,The Denver Post,1
2025-10-27,Boxingnews24.com,1
2025-10-27,Gainesville Sun,1
2025-10-27,Bleeding Cool News,1
2025-10-27,Japan Today,1
2025-10-27,HuffPost,1
2025-10-27,Fortune,1
2025-10-27,Daily Advertiser,1
2025-10-27,The Star Online,1
2025-10-27,Boston Herald,1
2025-10-27,Al Jazeera English,1
